dataset,model,split_index,repeat,fold,train_size,test_size,fit_seconds,predict_seconds,accuracy,balanced_accuracy,precision,recall,f1,roc_auc,pr_auc,mcc
ar1,Random Forest,1,1,1,96,25,0.06128491700000005,0.008249667000000294,0.92,0.5,0.0,0.0,0.0,0.782608695652174,0.20833333333333331,0.0
ar1,Random Forest,2,1,2,97,24,0.05880133399999998,0.007699542000000115,0.9583333333333334,0.9782608695652174,0.5,1.0,0.6666666666666666,0.9782608695652174,0.5,0.6915640748081247
ar1,Random Forest,3,1,3,97,24,0.057895917000000185,0.007861709000000161,0.9166666666666666,0.5,0.0,0.0,0.0,0.8863636363636364,0.39285714285714285,0.0
ar1,Random Forest,4,1,4,97,24,0.05744741600000003,0.007937333000000102,0.9166666666666666,0.5,0.0,0.0,0.0,0.8863636363636362,0.6428571428571428,0.0
ar1,Random Forest,5,1,5,97,24,0.056587166999999994,0.007864584000000008,0.875,0.4772727272727273,0.0,0.0,0.0,0.7613636363636364,0.20833333333333331,-0.06286946134619315
ar1,Random Forest,6,2,1,96,25,0.05821708300000017,0.008106624999999923,0.92,0.5,0.0,0.0,0.0,0.891304347826087,0.3666666666666667,0.0
ar1,Random Forest,7,2,2,97,24,0.05626400000000009,0.007518333000000155,0.9166666666666666,0.4782608695652174,0.0,0.0,0.0,0.6956521739130435,0.125,-0.043478260869565216
ar1,Random Forest,8,2,3,97,24,0.0563704580000004,0.007456916000000202,0.9166666666666666,0.5,0.0,0.0,0.0,0.8636363636363636,0.30952380952380953,0.0
ar1,Random Forest,9,2,4,97,24,0.05538987499999992,0.007941124999999882,0.875,0.4772727272727273,0.0,0.0,0.0,0.375,0.09453781512605042,-0.06286946134619315
ar1,Random Forest,10,2,5,97,24,0.05651841699999993,0.007832500000000131,0.9166666666666666,0.5,0.0,0.0,0.0,1.0,1.0,0.0
ar1,SVM,1,1,1,96,25,0.005700915999999889,0.002070500000000308,0.92,0.5,0.0,0.0,0.0,0.26086956521739135,0.07919254658385093,0.0
ar1,SVM,2,1,2,97,24,0.0043999999999999595,0.0019559579999999244,0.9583333333333334,0.5,0.0,0.0,0.0,0.8043478260869565,0.16666666666666666,0.0
ar1,SVM,3,1,3,97,24,0.004479625000000098,0.0019622919999999766,0.9166666666666666,0.5,0.0,0.0,0.0,0.45454545454545453,0.13095238095238093,0.0
ar1,SVM,4,1,4,97,24,0.004257291000000052,0.0020116669999996617,0.9166666666666666,0.5,0.0,0.0,0.0,0.11363636363636365,0.06944444444444445,0.0
ar1,SVM,5,1,5,97,24,0.004302916000000323,0.0019110840000000628,0.9166666666666666,0.5,0.0,0.0,0.0,0.8181818181818181,0.26666666666666666,0.0
ar1,SVM,6,2,1,96,25,0.004247832999999979,0.0019065829999997952,0.92,0.5,0.0,0.0,0.0,0.6739130434782609,0.5588235294117647,0.0
ar1,SVM,7,2,2,97,24,0.004209083000000113,0.0020097919999999547,0.9583333333333334,0.5,0.0,0.0,0.0,0.3913043478260869,0.06666666666666667,0.0
ar1,SVM,8,2,3,97,24,0.004168208000000284,0.0018910830000002932,0.9166666666666666,0.5,0.0,0.0,0.0,0.6136363636363635,0.14583333333333331,0.0
ar1,SVM,9,2,4,97,24,0.004267207999999911,0.0019468329999998701,0.875,0.4772727272727273,0.0,0.0,0.0,0.7954545454545454,0.35,-0.06286946134619315
ar1,SVM,10,2,5,97,24,0.004040499999999891,0.0019392920000003144,0.9166666666666666,0.5,0.0,0.0,0.0,0.2272727272727273,0.08012820512820512,0.0
ar1,Logistic Regression,1,1,1,96,25,0.02736975000000008,0.0021179590000000026,0.92,0.5,0.0,0.0,0.0,0.4782608695652174,0.10989010989010989,0.0
ar1,Logistic Regression,2,1,2,97,24,0.004481041000000019,0.001763250000000216,0.9583333333333334,0.9782608695652174,0.5,1.0,0.6666666666666666,0.9782608695652174,0.5,0.6915640748081247
ar1,Logistic Regression,3,1,3,97,24,0.00479920800000011,0.0018050409999998962,0.9166666666666666,0.5,0.0,0.0,0.0,0.36363636363636365,0.10101010101010101,0.0
ar1,Logistic Regression,4,1,4,97,24,0.005003708000000273,0.0018850829999998986,0.9583333333333334,0.75,1.0,0.5,0.6666666666666666,0.75,0.5769230769230769,0.6915640748081247
ar1,Logistic Regression,5,1,5,97,24,0.005128416999999885,0.0017787919999996404,0.9166666666666666,0.5,0.0,0.0,0.0,0.6590909090909091,0.1625,0.0
ar1,Logistic Regression,6,2,1,96,25,0.004608334000000269,0.0017946250000000497,0.92,0.5,0.0,0.0,0.0,0.45652173913043476,0.16666666666666666,0.0
ar1,Logistic Regression,7,2,2,97,24,0.004683500000000063,0.0019018750000001639,0.9166666666666666,0.4782608695652174,0.0,0.0,0.0,0.4782608695652174,0.07692307692307693,-0.043478260869565216
ar1,Logistic Regression,8,2,3,97,24,0.004514874999999918,0.001737833999999605,0.9166666666666666,0.5,0.0,0.0,0.0,0.8636363636363636,0.39285714285714285,0.0
ar1,Logistic Regression,9,2,4,97,24,0.0046178750000001045,0.0017498339999999502,0.8333333333333334,0.45454545454545453,0.0,0.0,0.0,0.4545454545454546,0.10989010989010989,-0.09090909090909091
ar1,Logistic Regression,10,2,5,97,24,0.004470749999999857,0.0019218750000002949,0.875,0.4772727272727273,0.0,0.0,0.0,0.9090909090909091,0.45,-0.06286946134619315
ar3,Random Forest,1,1,1,50,13,0.05479600000000007,0.007534791999999957,0.9230769230769231,0.9545454545454546,0.6666666666666666,1.0,0.8,0.9545454545454546,0.8333333333333333,0.778498944161523
ar3,Random Forest,2,1,2,50,13,0.054911415999999935,0.0075590829999998554,0.8461538461538461,0.5,0.0,0.0,0.0,0.9545454545454546,0.8333333333333333,0.0
ar3,Random Forest,3,1,3,50,13,0.056829165999999987,0.008089542000000005,0.9230769230769231,0.75,1.0,0.5,0.6666666666666666,0.7954545454545454,0.6428571428571428,0.67700320038633
ar3,Random Forest,4,1,4,51,12,0.05969800000000003,0.007729459000000105,1.0,1.0,1.0,1.0,1.0,1.0,1.0,1.0
ar3,Random Forest,5,1,5,51,12,0.05407637499999973,0.007896125000000254,0.9166666666666666,0.5,0.0,0.0,0.0,0.18181818181818182,0.08333333333333333,0.0
ar3,Random Forest,6,2,1,50,13,0.05562924999999996,0.007876583999999909,0.9230769230769231,0.75,1.0,0.5,0.6666666666666666,1.0,1.0,0.67700320038633
ar3,Random Forest,7,2,2,50,13,0.054166540999999846,0.007748749999999749,0.8461538461538461,0.7045454545454546,0.5,0.5,0.5,0.7272727272727273,0.39285714285714285,0.4090909090909091
ar3,Random Forest,8,2,3,50,13,0.05576241699999995,0.00792241700000007,0.9230769230769231,0.9545454545454546,0.6666666666666666,1.0,0.8,1.0,1.0,0.778498944161523
ar3,Random Forest,9,2,4,51,12,0.05524745799999975,0.00770429100000003,1.0,1.0,1.0,1.0,1.0,1.0,1.0,1.0
ar3,Random Forest,10,2,5,51,12,0.0547894160000002,0.007621624999999632,0.9166666666666666,0.5,0.0,0.0,0.0,0.5454545454545454,0.14285714285714285,0.0
ar3,SVM,1,1,1,50,13,0.0037343750000005116,0.001989040999999858,0.7692307692307693,0.45454545454545453,0.0,0.0,0.0,0.9090909090909091,0.5833333333333333,-0.12309149097933272
ar3,SVM,2,1,2,50,13,0.003576291999999981,0.001810666999999988,0.8461538461538461,0.5,0.0,0.0,0.0,0.9090909090909091,0.5833333333333333,0.0
ar3,SVM,3,1,3,50,13,0.0037096249999999387,0.0018325840000006366,0.8461538461538461,0.5,0.0,0.0,0.0,0.5,0.5769230769230769,0.0
ar3,SVM,4,1,4,51,12,0.0035151249999998413,0.0019221670000000302,1.0,1.0,1.0,1.0,1.0,1.0,1.0,1.0
ar3,SVM,5,1,5,51,12,0.0035847499999999144,0.0018292080000001931,0.9166666666666666,0.5,0.0,0.0,0.0,0.0,0.08333333333333333,0.0
ar3,SVM,6,2,1,50,13,0.0037349579999998994,0.001986999999999739,0.8461538461538461,0.5,0.0,0.0,0.0,1.0,1.0,0.0
ar3,SVM,7,2,2,50,13,0.0034766660000000726,0.0018077080000002965,0.8461538461538461,0.7045454545454546,0.5,0.5,0.5,0.45454545454545453,0.3269230769230769,0.4090909090909091
ar3,SVM,8,2,3,50,13,0.004112749999999998,0.0019177500000004954,0.7692307692307693,0.45454545454545453,0.0,0.0,0.0,0.9090909090909091,0.5833333333333333,-0.12309149097933272
ar3,SVM,9,2,4,51,12,0.003633290999999872,0.0019155419999998813,1.0,1.0,1.0,1.0,1.0,1.0,1.0,1.0
ar3,SVM,10,2,5,51,12,0.003866916000000664,0.00231262499999918,0.9166666666666666,0.5,0.0,0.0,0.0,0.2727272727272727,0.1111111111111111,0.0
ar3,Logistic Regression,1,1,1,50,13,0.004911875000000343,0.0017982920000001457,0.8461538461538461,0.7045454545454546,0.5,0.5,0.5,0.8181818181818181,0.6666666666666666,0.4090909090909091
ar3,Logistic Regression,2,1,2,50,13,0.004524832999999617,0.0017377920000001268,0.8461538461538461,0.5,0.0,0.0,0.0,0.8181818181818182,0.45,0.0
ar3,Logistic Regression,3,1,3,50,13,0.00428812500000042,0.0017227919999998065,0.9230769230769231,0.75,1.0,0.5,0.6666666666666666,0.5909090909090908,0.5909090909090909,0.67700320038633
ar3,Logistic Regression,4,1,4,51,12,0.00471754099999977,0.0017739169999995141,0.9166666666666666,0.9545454545454546,0.5,1.0,0.6666666666666666,1.0,1.0,0.674199862463242
ar3,Logistic Regression,5,1,5,51,12,0.004314125000000502,0.0018323750000002192,0.9166666666666666,0.5,0.0,0.0,0.0,0.5454545454545454,0.16666666666666666,0.0
ar3,Logistic Regression,6,2,1,50,13,0.004437582999999634,0.001711582999999628,0.9230769230769231,0.75,1.0,0.5,0.6666666666666666,1.0,1.0,0.67700320038633
ar3,Logistic Regression,7,2,2,50,13,0.004393666999999546,0.0017886659999994947,0.7692307692307693,0.6590909090909092,0.3333333333333333,0.5,0.4,0.4545454545454546,0.25,0.27247463045653303
ar3,Logistic Regression,8,2,3,50,13,0.004162499999999625,0.0017475829999993309,0.7692307692307693,0.6590909090909092,0.3333333333333333,0.5,0.4,0.6818181818181819,0.6111111111111112,0.27247463045653303
ar3,Logistic Regression,9,2,4,51,12,0.004430750000000039,0.0017212080000001961,1.0,1.0,1.0,1.0,1.0,1.0,1.0,1.0
ar3,Logistic Regression,10,2,5,51,12,0.004206291000000029,0.0017760829999993177,0.9166666666666666,0.5,0.0,0.0,0.0,0.09090909090909094,0.09090909090909091,0.0
ar4,Random Forest,1,1,1,85,22,0.05774200000000018,0.007543250000000334,0.8636363636363636,0.625,1.0,0.25,0.4,0.8819444444444445,0.625,0.4629100498862757
ar4,Random Forest,2,1,2,85,22,0.0573656249999992,0.007629624999999862,0.8181818181818182,0.5972222222222222,0.5,0.25,0.3333333333333333,0.8194444444444445,0.6,0.2608745973749754
ar4,Random Forest,3,1,3,86,21,0.05835454200000001,0.008017209000000136,0.9047619047619048,0.75,1.0,0.5,0.6666666666666666,0.9926470588235293,0.95,0.6688560540599386
ar4,Random Forest,4,1,4,86,21,0.05689616599999958,0.007676958999999428,0.8095238095238095,0.6911764705882353,0.5,0.5,0.5,0.7352941176470589,0.642156862745098,0.38235294117647056
ar4,Random Forest,5,1,5,86,21,0.05709241700000067,0.007993167000000412,0.9047619047619048,0.75,1.0,0.5,0.6666666666666666,0.8382352941176471,0.7589285714285714,0.6688560540599386
ar4,Random Forest,6,2,1,85,22,0.057623291999999715,0.0075508329999998125,0.8636363636363636,0.7222222222222222,0.6666666666666666,0.5,0.5714285714285714,0.7083333333333334,0.6359649122807017,0.49951243284357016
ar4,Random Forest,7,2,2,85,22,0.05874933399999982,0.007749333000000469,0.8181818181818182,0.5972222222222222,0.5,0.25,0.3333333333333333,0.8472222222222222,0.6215277777777778,0.2608745973749754
ar4,Random Forest,8,2,3,86,21,0.058329500000000145,0.007954209000000212,0.8571428571428571,0.625,1.0,0.25,0.4,0.7426470588235294,0.5297619047619048,0.4609772228646444
ar4,Random Forest,9,2,4,86,21,0.05733404199999992,0.00769945800000027,0.9523809523809523,0.875,1.0,0.75,0.8571428571428571,1.0,1.0,0.8416254115301732
ar4,Random Forest,10,2,5,86,21,0.057928416000000205,0.007523166999999553,0.8095238095238095,0.5955882352941176,0.5,0.25,0.3333333333333333,0.6911764705882353,0.39761904761904765,0.25573907949350594
ar4,SVM,1,1,1,85,22,0.004547957999999852,0.0018801670000003767,0.8636363636363636,0.625,1.0,0.25,0.4,0.6944444444444444,0.49930555555555556,0.4629100498862757
ar4,SVM,2,1,2,85,22,0.004437958000000464,0.0023108750000000455,0.8181818181818182,0.5,0.0,0.0,0.0,0.6944444444444444,0.6202380952380953,0.0
ar4,SVM,3,1,3,86,21,0.004367291999999523,0.001874667000000052,0.9047619047619048,0.75,1.0,0.5,0.6666666666666666,0.9852941176470588,0.95,0.6688560540599386
ar4,SVM,4,1,4,86,21,0.004354709000000234,0.0018588330000000042,0.8095238095238095,0.6911764705882353,0.5,0.5,0.5,0.7352941176470588,0.5826330532212884,0.38235294117647056
ar4,SVM,5,1,5,86,21,0.004118291999999357,0.0019778749999996847,0.8571428571428571,0.625,1.0,0.25,0.4,0.8088235294117647,0.6708333333333333,0.4609772228646444
ar4,SVM,6,2,1,85,22,0.004254541999999972,0.0018827919999999665,0.9090909090909091,0.75,1.0,0.5,0.6666666666666666,0.736111111111111,0.6597744360902256,0.6708203932499369
ar4,SVM,7,2,2,85,22,0.0043240829999993124,0.001886999999999972,0.8181818181818182,0.5972222222222222,0.5,0.25,0.3333333333333333,0.5833333333333334,0.475,0.2608745973749754
ar4,SVM,8,2,3,86,21,0.004242999999999775,0.0019324579999997482,0.8571428571428571,0.625,1.0,0.25,0.4,0.9117647058823528,0.775,0.4609772228646444
ar4,SVM,9,2,4,86,21,0.004460207999999355,0.001914999999999445,0.8095238095238095,0.5,0.0,0.0,0.0,0.9558823529411764,0.8928571428571428,0.0
ar4,SVM,10,2,5,86,21,0.00450829200000058,0.0018982089999992624,0.7619047619047619,0.47058823529411764,0.0,0.0,0.0,0.5294117647058824,0.2929505135387488,-0.10846522890932808
ar4,Logistic Regression,1,1,1,85,22,0.004917916999999328,0.001851499999999895,0.8181818181818182,0.5972222222222222,0.5,0.25,0.3333333333333333,0.8194444444444445,0.5833333333333333,0.2608745973749754
ar4,Logistic Regression,2,1,2,85,22,0.0047129589999999055,0.001724291999999572,0.8636363636363636,0.7222222222222222,0.6666666666666666,0.5,0.5714285714285714,0.75,0.6525735294117647,0.49951243284357016
ar4,Logistic Regression,3,1,3,86,21,0.004956625000000159,0.0017337500000005335,0.9047619047619048,0.75,1.0,0.5,0.6666666666666666,0.9558823529411764,0.8928571428571428,0.6688560540599386
ar4,Logistic Regression,4,1,4,86,21,0.004485332999999869,0.0018569159999994866,0.7619047619047619,0.6617647058823529,0.4,0.5,0.4444444444444444,0.7205882352941176,0.41041666666666665,0.29827937950065225
ar4,Logistic Regression,5,1,5,86,21,0.004950416999999874,0.0017360829999999439,0.9047619047619048,0.75,1.0,0.5,0.6666666666666666,0.7205882352941176,0.6348484848484848,0.6688560540599386
ar4,Logistic Regression,6,2,1,85,22,0.005214249999999865,0.0017763750000003853,0.8636363636363636,0.7222222222222222,0.6666666666666666,0.5,0.5714285714285714,0.7638888888888888,0.6451048951048951,0.49951243284357016
ar4,Logistic Regression,7,2,2,85,22,0.004754375000000088,0.0019301670000002602,0.8181818181818182,0.5972222222222222,0.5,0.25,0.3333333333333333,0.6805555555555556,0.371031746031746,0.2608745973749754
ar4,Logistic Regression,8,2,3,86,21,0.004704416999999239,0.00171804100000017,0.8571428571428571,0.7205882352941176,0.6666666666666666,0.5,0.5714285714285714,0.7941176470588235,0.5909090909090909,0.4950737714883372
ar4,Logistic Regression,9,2,4,86,21,0.00467766600000008,0.0017458750000001189,0.9047619047619048,0.8455882352941176,0.75,0.75,0.75,0.9558823529411764,0.8541666666666666,0.6911764705882353
ar4,Logistic Regression,10,2,5,86,21,0.0051612090000006106,0.0018685409999994462,0.7619047619047619,0.47058823529411764,0.0,0.0,0.0,0.7794117647058822,0.4714285714285714,-0.10846522890932808
ar5,Random Forest,1,1,1,28,8,0.054490707999999444,0.007433792000000494,0.875,0.9166666666666667,0.6666666666666666,1.0,0.8,1.0,1.0,0.7453559924999299
ar5,Random Forest,2,1,2,29,7,0.053978875000000315,0.007506791999999152,0.8571428571428571,0.9166666666666667,0.5,1.0,0.6666666666666666,1.0,1.0,0.6454972243679028
ar5,Random Forest,3,1,3,29,7,0.053366792000000274,0.007526458000000069,0.8571428571428571,0.5,0.0,0.0,0.0,1.0,1.0,0.0
ar5,Random Forest,4,1,4,29,7,0.053677291000000515,0.007865624999999987,0.5714285714285714,0.55,0.3333333333333333,0.5,0.4,0.7,0.5,0.09128709291752768
ar5,Random Forest,5,1,5,29,7,0.05330324999999991,0.00760654199999955,0.8571428571428571,0.75,1.0,0.5,0.6666666666666666,1.0,1.0,0.6454972243679028
ar5,Random Forest,6,2,1,28,8,0.053123083000000015,0.00809279199999935,0.875,0.9166666666666667,0.6666666666666666,1.0,0.8,1.0,1.0,0.7453559924999299
ar5,Random Forest,7,2,2,29,7,0.054842959000000135,0.007693167000000223,0.7142857142857143,0.8333333333333333,0.3333333333333333,1.0,0.5,0.8333333333333334,0.5,0.47140452079103173
ar5,Random Forest,8,2,3,29,7,0.053549124999999975,0.0077945829999999106,0.7142857142857143,0.4166666666666667,0.0,0.0,0.0,0.8333333333333334,0.5,-0.16666666666666666
ar5,Random Forest,9,2,4,29,7,0.05400283400000028,0.0077506670000007105,1.0,1.0,1.0,1.0,1.0,1.0,1.0,1.0
ar5,Random Forest,10,2,5,29,7,0.06132512499999976,0.00833037499999989,0.8571428571428571,0.75,1.0,0.5,0.6666666666666666,0.9500000000000001,0.8333333333333333,0.6454972243679028
ar5,SVM,1,1,1,28,8,0.003917458000000096,0.0018367499999998316,0.875,0.75,1.0,0.5,0.6666666666666666,0.9166666666666667,0.8333333333333333,0.6546536707079772
ar5,SVM,2,1,2,29,7,0.003560709000000273,0.002045457999999556,1.0,1.0,1.0,1.0,1.0,1.0,1.0,1.0
ar5,SVM,3,1,3,29,7,0.003757457999999936,0.002394250000000042,0.8571428571428571,0.5,0.0,0.0,0.0,1.0,1.0,0.0
ar5,SVM,4,1,4,29,7,0.003687792000000023,0.0017918329999995208,0.5714285714285714,0.55,0.3333333333333333,0.5,0.4,0.7,0.7,0.09128709291752768
ar5,SVM,5,1,5,29,7,0.0037965410000007083,0.001917375000000554,0.7142857142857143,0.5,0.0,0.0,0.0,1.0,1.0,0.0
ar5,SVM,6,2,1,28,8,0.0034675410000000184,0.0018311669999997449,1.0,1.0,1.0,1.0,1.0,1.0,1.0,1.0
ar5,SVM,7,2,2,29,7,0.003958291000000003,0.0018473340000007,0.7142857142857143,0.8333333333333333,0.3333333333333333,1.0,0.5,1.0,1.0,0.47140452079103173
ar5,SVM,8,2,3,29,7,0.004336916999999829,0.0032295420000005848,0.8571428571428571,0.5,0.0,0.0,0.0,0.8333333333333334,0.5,0.0
ar5,SVM,9,2,4,29,7,0.0035853330000001904,0.001893875000000378,0.7142857142857143,0.5,0.0,0.0,0.0,1.0,1.0,0.0
ar5,SVM,10,2,5,29,7,0.005032749999999808,0.0018217499999995113,0.7142857142857143,0.5,0.0,0.0,0.0,0.5,0.6428571428571428,0.0
ar5,Logistic Regression,1,1,1,28,8,0.005320457999999917,0.0020156250000002984,1.0,1.0,1.0,1.0,1.0,1.0,1.0,1.0
ar5,Logistic Regression,2,1,2,29,7,0.004149707999999919,0.001955750000000478,0.8571428571428571,0.9166666666666667,0.5,1.0,0.6666666666666666,1.0,1.0,0.6454972243679028
ar5,Logistic Regression,3,1,3,29,7,0.004262457999999469,0.0017240000000002809,0.8571428571428571,0.5,0.0,0.0,0.0,1.0,1.0,0.0
ar5,Logistic Regression,4,1,4,29,7,0.003993166999999964,0.0019574169999998503,0.5714285714285714,0.55,0.3333333333333333,0.5,0.4,0.7,0.5,0.09128709291752768
ar5,Logistic Regression,5,1,5,29,7,0.004317166999999955,0.0017094170000007125,0.8571428571428571,0.75,1.0,0.5,0.6666666666666666,1.0,1.0,0.6454972243679028
ar5,Logistic Regression,6,2,1,28,8,0.003997542000000465,0.001707582999999957,0.875,0.9166666666666667,0.6666666666666666,1.0,0.8,1.0,1.0,0.7453559924999299
ar5,Logistic Regression,7,2,2,29,7,0.004030832999999845,0.0017700000000004934,0.7142857142857143,0.8333333333333333,0.3333333333333333,1.0,0.5,0.6666666666666667,0.3333333333333333,0.47140452079103173
ar5,Logistic Regression,8,2,3,29,7,0.003971082999999709,0.0018249589999994598,0.7142857142857143,0.4166666666666667,0.0,0.0,0.0,0.8333333333333334,0.5,-0.16666666666666666
ar5,Logistic Regression,9,2,4,29,7,0.004240042000000166,0.0017743330000001833,1.0,1.0,1.0,1.0,1.0,1.0,1.0,1.0
ar5,Logistic Regression,10,2,5,29,7,0.004203582999999789,0.001849542000000426,0.8571428571428571,0.75,1.0,0.5,0.6666666666666666,0.9,0.8333333333333333,0.6454972243679028
ar6,Random Forest,1,1,1,80,21,0.057297042000000076,0.007775624999999842,0.8095238095238095,0.4722222222222222,0.0,0.0,0.0,0.5462962962962963,0.27489177489177485,-0.09128709291752769
ar6,Random Forest,2,1,2,81,20,0.057574792000000485,0.007544459000000003,0.85,0.5,0.0,0.0,0.0,0.6470588235294117,0.3366013071895425,0.0
ar6,Random Forest,3,1,3,81,20,0.05834479199999976,0.007867291000000165,0.85,0.6372549019607843,0.5,0.3333333333333333,0.4,0.784313725490196,0.5575757575757576,0.32673201960653564
ar6,Random Forest,4,1,4,81,20,0.05829045799999921,0.007987542000000403,0.85,0.5,0.0,0.0,0.0,0.5980392156862744,0.2722222222222222,0.0
ar6,Random Forest,5,1,5,81,20,0.05837791699999961,0.007650166000000347,0.9,0.6666666666666666,1.0,0.3333333333333333,0.5,0.6764705882352942,0.4843304843304843,0.5461186812727502
ar6,Random Forest,6,2,1,80,21,0.05802008299999972,0.007718332999999689,0.8571428571428571,0.5,0.0,0.0,0.0,0.7685185185185185,0.3222222222222222,0.0
ar6,Random Forest,7,2,2,81,20,0.058523415999999884,0.00799737499999953,0.9,0.6666666666666666,1.0,0.3333333333333333,0.5,0.9019607843137254,0.7916666666666666,0.5461186812727502
ar6,Random Forest,8,2,3,81,20,0.058900625000000595,0.0077965420000003505,0.9,0.6666666666666666,1.0,0.3333333333333333,0.5,0.5980392156862745,0.47857142857142854,0.5461186812727502
ar6,Random Forest,9,2,4,81,20,0.05726641600000004,0.007620667000000303,0.9,0.6666666666666666,1.0,0.3333333333333333,0.5,0.7156862745098039,0.5625,0.5461186812727502
ar6,Random Forest,10,2,5,81,20,0.06014029199999982,0.013794166999999469,0.8,0.47058823529411764,0.0,0.0,0.0,0.3333333333333333,0.15833333333333333,-0.09637388493048533
ar6,SVM,1,1,1,80,21,0.0043763329999997325,0.0021139590000007757,0.8571428571428571,0.5,0.0,0.0,0.0,0.8703703703703703,0.4666666666666667,0.0
ar6,SVM,2,1,2,81,20,0.0044988339999996185,0.002234416999999489,0.85,0.5,0.0,0.0,0.0,0.6078431372549019,0.3833333333333333,0.0
ar6,SVM,3,1,3,81,20,0.003947625000000343,0.0020205410000002644,0.9,0.6666666666666666,1.0,0.3333333333333333,0.5,0.7843137254901961,0.5833333333333333,0.5461186812727502
ar6,SVM,4,1,4,81,20,0.004147958999999979,0.0020972919999993067,0.85,0.5,0.0,0.0,0.0,0.29411764705882354,0.17037037037037037,0.0
ar6,SVM,5,1,5,81,20,0.004239625000000302,0.002028000000000141,0.9,0.6666666666666666,1.0,0.3333333333333333,0.5,0.3333333333333333,0.1489010989010989,0.5461186812727502
ar6,SVM,6,2,1,80,21,0.003963375000000546,0.0019762500000002348,0.8571428571428571,0.5,0.0,0.0,0.0,0.12962962962962965,0.10834779255831888,0.0
ar6,SVM,7,2,2,81,20,0.00416175000000063,0.0020903749999998666,0.9,0.6666666666666666,1.0,0.3333333333333333,0.5,0.8431372549019608,0.6555555555555554,0.5461186812727502
ar6,SVM,8,2,3,81,20,0.004047207999999358,0.0019798329999991537,0.85,0.5,0.0,0.0,0.0,0.8235294117647058,0.5694444444444444,0.0
ar6,SVM,9,2,4,81,20,0.004033958000000837,0.0018715419999999483,0.9,0.6666666666666666,1.0,0.3333333333333333,0.5,0.6666666666666666,0.5555555555555556,0.5461186812727502
ar6,SVM,10,2,5,81,20,0.003964625000000055,0.001966666999999589,0.85,0.5,0.0,0.0,0.0,0.5294117647058824,0.2444444444444444,0.0
ar6,Logistic Regression,1,1,1,80,21,0.00987733400000046,0.0020899999999999253,0.8095238095238095,0.611111111111111,0.3333333333333333,0.3333333333333333,0.3333333333333333,0.7962962962962963,0.5444444444444444,0.2222222222222222
ar6,Logistic Regression,2,1,2,81,20,0.007343624999999854,0.0018486250000000481,0.85,0.5,0.0,0.0,0.0,0.4313725490196078,0.16993464052287582,0.0
ar6,Logistic Regression,3,1,3,81,20,0.009262624999999858,0.001904709000000615,0.9,0.6666666666666666,1.0,0.3333333333333333,0.5,0.9803921568627451,0.9166666666666665,0.5461186812727502
ar6,Logistic Regression,4,1,4,81,20,0.008347665999999698,0.002028000000000141,0.9,0.6666666666666666,1.0,0.3333333333333333,0.5,0.8235294117647058,0.6464646464646464,0.5461186812727502
ar6,Logistic Regression,5,1,5,81,20,0.007094291999999669,0.0018107909999995897,0.95,0.8333333333333333,1.0,0.6666666666666666,0.8,0.9803921568627451,0.9166666666666665,0.7934920476158722
ar6,Logistic Regression,6,2,1,80,21,0.010416333999999416,0.0021183750000002277,0.8571428571428571,0.6388888888888888,0.5,0.3333333333333333,0.4,0.9074074074074074,0.6984126984126984,0.33113308926626095
ar6,Logistic Regression,7,2,2,81,20,0.008797915999999795,0.0022330419999994078,0.95,0.8333333333333333,1.0,0.6666666666666666,0.8,1.0,1.0,0.7934920476158722
ar6,Logistic Regression,8,2,3,81,20,0.008704292000000002,0.001983083999999913,0.85,0.5,0.0,0.0,0.0,0.5490196078431372,0.21536796536796537,0.0
ar6,Logistic Regression,9,2,4,81,20,0.00840216699999985,0.0018419999999998993,0.95,0.8333333333333333,1.0,0.6666666666666666,0.8,0.7254901960784313,0.7254901960784313,0.7934920476158722
ar6,Logistic Regression,10,2,5,81,20,0.010097040999999862,0.0017975410000001801,0.8,0.47058823529411764,0.0,0.0,0.0,0.5098039215686274,0.22857142857142854,-0.09637388493048533
kc1,Random Forest,1,1,1,1687,422,0.16926070800000037,0.013547667000000096,0.8601895734597157,0.6279465632406809,0.59375,0.2923076923076923,0.3917525773195876,0.8301228183581125,0.4866547483068273,0.34893305611240505
kc1,Random Forest,2,1,2,1687,422,0.17088229100000074,0.013307958000000397,0.8554502369668247,0.6062702003878475,0.5714285714285714,0.24615384615384617,0.34408602150537637,0.8231415643180349,0.44110759580858344,0.3082514690144074
kc1,Random Forest,3,1,3,1687,422,0.18002541699999952,0.013717416999999621,0.8625592417061612,0.6545141133376428,0.5897435897435898,0.35384615384615387,0.4423076923076923,0.8343675931911226,0.5395483939642728,0.38517425002806266
kc1,Random Forest,4,1,4,1687,422,0.17134145800000056,0.014432291999999514,0.8601895734597157,0.6394279877425945,0.6,0.3181818181818182,0.4158415841584158,0.8462504256043583,0.4966115475624,0.36727165948736507
kc1,Random Forest,5,1,5,1688,421,0.2277823329999995,0.013494290999998881,0.8574821852731591,0.6516421780466725,0.5609756097560976,0.35384615384615387,0.4339622641509434,0.7875324114088158,0.4501819819934603,0.36961361456711705
kc1,Random Forest,6,2,1,1687,422,0.1658560419999997,0.013001792000000734,0.8436018957345972,0.6118508942038354,0.4864864864864865,0.27692307692307694,0.35294117647058826,0.8037060978237449,0.4640765997756998,0.28551505664197074
kc1,Random Forest,7,2,2,1687,422,0.1729263329999995,0.013127624999999199,0.8720379146919431,0.6538246067657832,0.6666666666666666,0.3384615384615385,0.4489795918367347,0.8262227968110322,0.5393041703761163,0.41363266200368226
kc1,Random Forest,8,2,3,1687,422,0.1666430830000003,0.01332433299999991,0.8601895734597157,0.6468218056453351,0.5789473684210527,0.3384615384615385,0.42718446601941745,0.8338720103425986,0.504940131514237,0.37030018784908564
kc1,Random Forest,9,2,4,1687,422,0.1711100830000003,0.013707207999999582,0.8459715639810427,0.6001447054817841,0.5161290322580645,0.24242424242424243,0.32989690721649484,0.8109891045284303,0.4320216703032813,0.2788596837249994
kc1,Random Forest,10,2,5,1688,421,0.16728695900000012,0.013367999999999824,0.8764845605700713,0.6377268798617113,0.76,0.2923076923076923,0.4222222222222222,0.8450086430423509,0.5661099097723543,0.42112670715894396
kc1,SVM,1,1,1,1687,422,0.18453570900000038,0.021938583000000733,0.8507109004739336,0.5531351001939238,0.5714285714285714,0.12307692307692308,0.20253164556962025,0.6490627020038785,0.3670105796314521,0.21419443662254067
kc1,SVM,2,1,2,1687,422,0.1721373340000003,0.022590165999998746,0.8459715639810427,0.5377504848093083,0.5,0.09230769230769231,0.15584415584415584,0.700667959491489,0.3894746353500724,0.1639686285009514
kc1,SVM,3,1,3,1687,422,0.17374170800000144,0.02191050000000061,0.8507109004739336,0.5594268476621418,0.5625,0.13846153846153847,0.2222222222222222,0.7089204912734325,0.4339199524309972,0.22463657420761307
kc1,SVM,4,1,4,1687,422,0.17961150000000004,0.0223357919999998,0.8530805687203792,0.5735018726591761,0.6111111111111112,0.16666666666666666,0.2619047619047619,0.7319969356486209,0.4663894979094533,0.26423992131947105
kc1,SVM,5,1,5,1688,421,0.17294095799999987,0.021256959000000464,0.8408551068883611,0.5412057044079516,0.4375,0.1076923076923077,0.1728395061728395,0.7098746758859118,0.3693842928476716,0.15573330945780403
kc1,SVM,6,2,1,1687,422,0.17524737500000143,0.021459250000001262,0.8459715639810427,0.5440422322775263,0.5,0.1076923076923077,0.17721518987341772,0.7116569704804999,0.4027549659094321,0.17753991421592585
kc1,SVM,7,2,2,1687,422,0.17513283300000104,0.022039166999999082,0.8483412322274881,0.5517345399698341,0.5333333333333333,0.12307692307692308,0.2,0.6968110321051498,0.40535325131483324,0.2017244497673252
kc1,SVM,8,2,3,1687,422,0.1943755419999995,0.023464625000000794,0.8507109004739336,0.5531351001939238,0.5714285714285714,0.12307692307692308,0.20253164556962025,0.7172161172161171,0.39232808200054636,0.21419443662254067
kc1,SVM,9,2,4,1687,422,0.17853999999999992,0.021549667000000383,0.8436018957345972,0.5678838951310862,0.5,0.16666666666666666,0.25,0.679562478719782,0.42075995941314814,0.2218463972437629
kc1,SVM,10,2,5,1688,421,0.17393745799999927,0.021586375000000046,0.8574821852731591,0.5573249783923941,0.7272727272727273,0.12307692307692308,0.21052631578947367,0.7559853068280036,0.4585971707801343,0.25969722066105816
kc1,Logistic Regression,1,1,1,1687,422,0.021060166999999907,0.003033625000000484,0.8625592417061612,0.5853048911872442,0.7058823529411765,0.18461538461538463,0.2926829268292683,0.8247145011850896,0.46599446042191206,0.31321513749487434
kc1,Logistic Regression,2,1,2,1687,422,0.023784959000000327,0.002287332999999947,0.8554502369668247,0.5873949579831933,0.5909090909090909,0.2,0.2988505747126437,0.7880629174746822,0.4353500797969251,0.2838349190429952
kc1,Logistic Regression,3,1,3,1687,422,0.021501041000000498,0.0021006670000005556,0.8507109004739336,0.5720103425985779,0.55,0.16923076923076924,0.25882352941176473,0.8145442792501616,0.47719452899244835,0.24467389453673427
kc1,Logistic Regression,4,1,4,1687,422,0.019695000000000462,0.0020611670000008075,0.8578199052132701,0.6133384405856316,0.6071428571428571,0.25757575757575757,0.3617021276595745,0.7975400068096697,0.5072010826362061,0.33080881131629813
kc1,Logistic Regression,5,1,5,1688,421,0.018216875000000243,0.002077959000001073,0.850356294536817,0.590838375108038,0.5384615384615384,0.2153846153846154,0.3076923076923077,0.7770311149524632,0.4461289128080085,0.2727067001283186
kc1,Logistic Regression,6,2,1,1687,422,0.019032125000000732,0.0020803750000002452,0.8459715639810427,0.5692092221503986,0.5,0.16923076923076924,0.25287356321839083,0.7772031889678949,0.4035058590330996,0.22477262326580388
kc1,Logistic Regression,7,2,2,1687,422,0.023882332999999534,0.002193166000001412,0.8601895734597157,0.5964878258995906,0.6363636363636364,0.2153846153846154,0.3218390804597701,0.8004524886877828,0.4890388803906672,0.31336606693159086
kc1,Logistic Regression,8,2,3,1687,422,0.021375709000000853,0.0021895000000000664,0.8601895734597157,0.6027795733678086,0.625,0.23076923076923078,0.33707865168539325,0.7908640379228614,0.4864949366505863,0.3203910942906555
kc1,Logistic Regression,9,2,4,1687,422,0.02237466699999935,0.0020838750000002904,0.8554502369668247,0.605762683009874,0.5925925925925926,0.24242424242424243,0.34408602150537637,0.8017109295199183,0.44290026574855623,0.3139633772614725
kc1,Logistic Regression,10,2,5,1688,421,0.020221958000000484,0.002046040999999832,0.8622327790973872,0.5915730337078652,0.6842105263157895,0.2,0.30952380952380953,0.8381590319792568,0.5305679221699223,0.31877881218104365
kc2,Random Forest,1,1,1,417,105,0.07805070799999925,0.00885025000000006,0.8095238095238095,0.7291894852135816,0.5416666666666666,0.5909090909090909,0.5652173913043478,0.7902519167579409,0.6296125285168763,0.44424949326617225
kc2,Random Forest,2,1,2,417,105,0.07664662500000041,0.00857749999999946,0.8476190476190476,0.7699890470974808,0.6363636363636364,0.6363636363636364,0.6363636363636364,0.8518619934282584,0.6634724200490674,0.5399780941949617
kc2,Random Forest,3,1,3,418,104,0.07757070800000143,0.008879291999999595,0.8269230769230769,0.642570281124498,0.6363636363636364,0.3333333333333333,0.4375,0.7819850831899025,0.5632914296322817,0.3721944375627345
kc2,Random Forest,4,1,4,418,104,0.07726733400000008,0.008516166999999797,0.8557692307692307,0.6962134251290878,0.75,0.42857142857142855,0.5454545454545454,0.90447504302926,0.7465529597108544,0.49308622652675194
kc2,Random Forest,5,1,5,418,104,0.07668683300000012,0.008572083000000674,0.8269230769230769,0.6781411359724613,0.6,0.42857142857142855,0.5,0.7240390131956397,0.46096718549676985,0.40710109804360917
kc2,Random Forest,6,2,1,417,105,0.07477999999999874,0.008526999999999063,0.780952380952381,0.5941949616648412,0.46153846153846156,0.2727272727272727,0.34285714285714286,0.72973713033954,0.5073698089883986,0.23277828604925557
kc2,Random Forest,7,2,2,417,105,0.07523116600000002,0.008365082999999274,0.819047619047619,0.7519167579408543,0.56,0.6363636363636364,0.5957446808510638,0.8127053669222343,0.5801053261167953,0.48141813146742407
kc2,Random Forest,8,2,3,418,104,0.07574916699999967,0.00853829200000078,0.8269230769230769,0.6781411359724613,0.6,0.42857142857142855,0.5,0.8135398737808375,0.6029820265904766,0.40710109804360917
kc2,Random Forest,9,2,4,418,104,0.0775887080000004,0.008539167000000347,0.875,0.7438324727481354,0.7857142857142857,0.5238095238095238,0.6285714285714286,0.8654618473895582,0.6981021905034064,0.5735680608040065
kc2,Random Forest,10,2,5,418,104,0.07682633399999972,0.008542958000001377,0.8942307692307693,0.7736660929432013,0.8571428571428571,0.5714285714285714,0.6857142857142857,0.9001721170395869,0.7657554799796178,0.6437458000082613
kc2,SVM,1,1,1,417,105,0.01424662500000018,0.003299624999998585,0.8476190476190476,0.6697699890470975,0.8,0.36363636363636365,0.5,0.7897042716319824,0.6070582172516665,0.47073826275263553
kc2,SVM,2,1,2,417,105,0.01449054100000069,0.003349749999999929,0.8952380952380953,0.7667031763417305,0.9230769230769231,0.5454545454545454,0.6857142857142857,0.8425520262869661,0.7227603476093444,0.6590873564301596
kc2,SVM,3,1,3,418,104,0.014298832999999789,0.0032836670000016,0.8173076923076923,0.5654044750430293,0.75,0.14285714285714285,0.24,0.7532989099254159,0.5459031891474045,0.27305878771622305
kc2,SVM,4,1,4,418,104,0.01470491699999954,0.003351291999999617,0.8557692307692307,0.6428571428571428,1.0,0.2857142857142857,0.4444444444444444,0.8646012621916237,0.7251087216604171,0.4919171752324061
kc2,SVM,5,1,5,418,104,0.013847708999998432,0.0031463750000000346,0.8076923076923077,0.5771658060814687,0.5714285714285714,0.19047619047619047,0.2857142857142857,0.6629374641422834,0.4767047270816944,0.24726844591924751
kc2,SVM,6,2,1,417,105,0.01359304200000011,0.0032474159999988927,0.8380952380952381,0.6303395399780942,0.8571428571428571,0.2727272727272727,0.41379310344827586,0.7406900328587076,0.5815948721147329,0.42529914366508326
kc2,SVM,7,2,2,417,105,0.013735583000000773,0.0032504580000001226,0.8285714285714286,0.6744249726177437,0.6428571428571429,0.4090909090909091,0.5,0.8450164293537787,0.5898321547077072,0.41764215857327397
kc2,SVM,8,2,3,418,104,0.01410066700000101,0.0033114580000006555,0.8461538461538461,0.6190476190476191,1.0,0.23809523809523808,0.38461538461538464,0.7401032702237522,0.5716380350654011,0.44678316845557153
kc2,SVM,9,2,4,418,104,0.014888750000000783,0.0033752920000011954,0.8653846153846154,0.6844520940906482,0.8888888888888888,0.38095238095238093,0.5333333333333333,0.8138267355134825,0.708015278348439,0.5267192878448685
kc2,SVM,10,2,5,418,104,0.014756082999999975,0.0033088750000001,0.8653846153846154,0.6666666666666666,1.0,0.3333333333333333,0.5,0.8321858864027539,0.760325210432317,0.5340630746434305
kc2,Logistic Regression,1,1,1,417,105,0.007756332999999671,0.0018041249999996012,0.780952380952381,0.6276013143483024,0.47058823529411764,0.36363636363636365,0.41025641025641024,0.7771084337349398,0.4686722988295342,0.28194846422533065
kc2,Logistic Regression,2,1,2,417,105,0.0081039159999996,0.001856833000001501,0.8571428571428571,0.7259036144578312,0.7333333333333333,0.5,0.5945945945945946,0.8825301204819278,0.7372367667511921,0.5254563898847199
kc2,Logistic Regression,3,1,3,418,104,0.008511709000000423,0.0017516659999987638,0.8557692307692307,0.6784279977051062,0.8,0.38095238095238093,0.5161290322580645,0.825588066551922,0.5398594412776013,0.48593453410002957
kc2,Logistic Regression,4,1,4,418,104,0.008059459000000047,0.0017765000000000697,0.8461538461538461,0.6901893287435455,0.6923076923076923,0.42857142857142855,0.5294117647058824,0.8359150889271372,0.6609039522020503,0.46171338252497673
kc2,Logistic Regression,5,1,5,418,104,0.007841875000000442,0.0019243339999999165,0.8173076923076923,0.6187607573149742,0.6,0.2857142857142857,0.3870967741935484,0.8080895008605853,0.5485503024769631,0.32343552591223834
kc2,Logistic Regression,6,2,1,417,105,0.008846165999999656,0.0021047919999990228,0.8380952380952381,0.6637458926615554,0.7272727272727273,0.36363636363636365,0.48484848484848486,0.8080503833515881,0.5608535328385568,0.43520164474549927
kc2,Logistic Regression,7,2,2,417,105,0.007419584000000867,0.0019543330000004744,0.8095238095238095,0.7124863088718509,0.5454545454545454,0.5454545454545454,0.5454545454545454,0.8302300109529025,0.5649613738733026,0.4249726177437021
kc2,Logistic Regression,8,2,3,418,104,0.007785750000000036,0.0018217080000013652,0.8173076923076923,0.6009753298909926,0.625,0.23809523809523808,0.3448275862068966,0.7682157200229488,0.5988769263644176,0.30423793166984153
kc2,Logistic Regression,9,2,4,418,104,0.008484042000000969,0.001993875000000145,0.8846153846153846,0.7320711417096959,0.9090909090909091,0.47619047619047616,0.625,0.8878370625358576,0.7496213157140688,0.6058456740206282
kc2,Logistic Regression,10,2,5,418,104,0.007587666999999243,0.001834665999998819,0.8461538461538461,0.672403901319564,0.7272727272727273,0.38095238095238093,0.5,0.8907056798623063,0.7225959110361782,0.45007818304869907
kc3,Random Forest,1,1,1,366,92,0.07697825000000158,0.008680291000001006,0.8913043478260869,0.5930388219544847,0.4,0.2222222222222222,0.2857142857142857,0.8340026773761713,0.4390402303763606,0.24384276308954075
kc3,Random Forest,2,1,2,366,92,0.07663550000000008,0.008313499999999863,0.8913043478260869,0.5435073627844712,0.3333333333333333,0.1111111111111111,0.16666666666666666,0.8888888888888888,0.4049450549450549,0.14554504511398927
kc3,Random Forest,3,1,3,366,92,0.07629379199999953,0.008252541999999252,0.9021739130434783,0.5990629183400268,0.5,0.2222222222222222,0.3076923076923077,0.9062918340026773,0.5238073502005391,0.2886224326072272
kc3,Random Forest,4,1,4,367,91,0.0763602910000003,0.008564750000001453,0.9120879120879121,0.5564759036144578,0.5,0.125,0.2,0.8463855421686748,0.31284430438842203,0.21815603041788503
kc3,Random Forest,5,1,5,367,91,0.07780745900000063,0.008290167000000181,0.9010989010989011,0.4939759036144578,0.0,0.0,0.0,0.8629518072289156,0.39002833210150284,-0.032725379578254395
kc3,Random Forest,6,2,1,366,92,0.0772594170000005,0.008538790999999435,0.8913043478260869,0.4939759036144578,0.0,0.0,0.0,0.8547523427041499,0.27851229443048964,-0.034519262808358424
kc3,Random Forest,7,2,2,366,92,0.0762716250000004,0.008500208000000953,0.8478260869565217,0.46987951807228917,0.0,0.0,0.0,0.8085676037483267,0.2362364835483115,-0.07894190171963548
kc3,Random Forest,8,2,3,366,92,0.07639708299999981,0.008262291999999505,0.8695652173913043,0.4819277108433735,0.0,0.0,0.0,0.8467202141900937,0.32690688940688944,-0.06045717258581093
kc3,Random Forest,9,2,4,367,91,0.07615324999999906,0.00842087500000055,0.9120879120879121,0.5,0.0,0.0,0.0,0.8147590361445783,0.41210129087057557,0.0
kc3,Random Forest,10,2,5,367,91,0.07627924999999891,0.008229207999999488,0.9230769230769231,0.6754518072289157,0.6,0.375,0.46153846153846156,0.9352409638554217,0.4687324929971989,0.43605136823670665
kc3,SVM,1,1,1,366,92,0.011687166999999832,0.002787959000000839,0.9021739130434783,0.5,0.0,0.0,0.0,0.7704149933065595,0.35059323392656727,0.0
kc3,SVM,2,1,2,366,92,0.012423708000000033,0.003010917000001001,0.9021739130434783,0.5,0.0,0.0,0.0,0.7456492637215528,0.4634698963684088,0.0
kc3,SVM,3,1,3,366,92,0.01199125000000123,0.002870082999999468,0.9021739130434783,0.5,0.0,0.0,0.0,0.6506024096385542,0.407123031392456,0.0
kc3,SVM,4,1,4,367,91,0.01165595800000041,0.002996292000000622,0.9120879120879121,0.5,0.0,0.0,0.0,0.5346385542168675,0.31886190156629135,0.0
kc3,SVM,5,1,5,367,91,0.011891625000000516,0.002864125000000328,0.9120879120879121,0.5,0.0,0.0,0.0,0.6671686746987953,0.3130192142207084,0.0
kc3,SVM,6,2,1,366,92,0.011567375000000268,0.00275950000000158,0.9021739130434783,0.5,0.0,0.0,0.0,0.4926372155287817,0.14843721078794636,0.0
kc3,SVM,7,2,2,366,92,0.011293042000000142,0.002700958000000142,0.9021739130434783,0.5495314591700133,0.5,0.1111111111111111,0.18181818181818182,0.6639892904953146,0.2600492678840316,0.20180650739923545
kc3,SVM,8,2,3,366,92,0.012690750000000861,0.003041958000000733,0.9021739130434783,0.5,0.0,0.0,0.0,0.8567603748326639,0.48780286525384564,0.0
kc3,SVM,9,2,4,367,91,0.011950624999998993,0.0029519169999989714,0.9120879120879121,0.5,0.0,0.0,0.0,0.6912650602409638,0.38608938287760314,0.0
kc3,SVM,10,2,5,367,91,0.012012457999999171,0.0029432079999995864,0.9120879120879121,0.5,0.0,0.0,0.0,0.8644578313253012,0.34241400348018,0.0
kc3,Logistic Regression,1,1,1,366,92,0.01005904099999988,0.0019171249999985207,0.8913043478260869,0.642570281124498,0.42857142857142855,0.3333333333333333,0.375,0.7824631860776439,0.4105892623308599,0.31949261181877653
kc3,Logistic Regression,2,1,2,366,92,0.00929862499999956,0.0019342499999996932,0.9130434782608695,0.6050870147255689,0.6666666666666666,0.2222222222222222,0.3333333333333333,0.8821954484605088,0.4924912523932132,0.3515472628137895
kc3,Logistic Regression,3,1,3,366,92,0.009317499999999868,0.0019132500000011987,0.9347826086956522,0.6666666666666666,1.0,0.3333333333333333,0.5,0.8420348058902276,0.5738322957932466,0.5575494805135898
kc3,Logistic Regression,4,1,4,367,91,0.00889858300000057,0.0018857500000013516,0.8901098901098901,0.4879518072289157,0.0,0.0,0.0,0.7424698795180723,0.24742961913820055,-0.046539953155815474
kc3,Logistic Regression,5,1,5,367,91,0.00994749999999911,0.0019111249999994584,0.9340659340659341,0.625,1.0,0.25,0.4,0.8403614457831325,0.6229705459770115,0.4828520139915855
kc3,Logistic Regression,6,2,1,366,92,0.009914207999999647,0.0019028750000007477,0.9130434782608695,0.6050870147255689,0.6666666666666666,0.2222222222222222,0.3333333333333333,0.7991967871485943,0.37368218201551534,0.3515472628137895
kc3,Logistic Regression,7,2,2,366,92,0.009718209000000755,0.0019727500000001896,0.8913043478260869,0.5930388219544847,0.4,0.2222222222222222,0.2857142857142857,0.7710843373493975,0.3371162606456724,0.24384276308954075
kc3,Logistic Regression,8,2,3,366,92,0.01003529199999953,0.0018947090000001054,0.9021739130434783,0.5990629183400268,0.5,0.2222222222222222,0.3076923076923077,0.8045515394912985,0.48152081825382725,0.2886224326072272
kc3,Logistic Regression,9,2,4,367,91,0.010277625000000512,0.0019230419999995974,0.9120879120879121,0.5,0.0,0.0,0.0,0.8222891566265059,0.35568556077880825,0.0
kc3,Logistic Regression,10,2,5,367,91,0.00893841599999945,0.0018892910000012364,0.9340659340659341,0.625,1.0,0.25,0.4,0.8855421686746988,0.6082049486461252,0.4828520139915855
mc2,Random Forest,1,1,1,128,33,0.06483679199999948,0.00797525000000121,0.7575757575757576,0.6818181818181818,0.7142857142857143,0.45454545454545453,0.5555555555555556,0.762396694214876,0.6797530584962527,0.4193139346887673
mc2,Random Forest,2,1,2,129,32,0.06468945900000023,0.007772208000000447,0.75,0.6272727272727273,0.75,0.3,0.42857142857142855,0.8113636363636364,0.7101523038365144,0.3567530340063379
mc2,Random Forest,3,1,3,129,32,0.06578104199999935,0.007762791999999408,0.6875,0.6363636363636364,0.5,0.5,0.5,0.6613636363636364,0.5860087719298246,0.2727272727272727
mc2,Random Forest,4,1,4,129,32,0.0642840420000006,0.007911166999999608,0.71875,0.6318181818181818,0.5714285714285714,0.4,0.47058823529411764,0.7886363636363636,0.5803479853479854,0.29559537103382283
mc2,Random Forest,5,1,5,129,32,0.06386074999999991,0.007867082999998942,0.5625,0.47186147186147187,0.2857142857142857,0.18181818181818182,0.2222222222222222,0.5043290043290043,0.4209048208099442,-0.06465741506925919
mc2,Random Forest,6,2,1,128,33,0.06471770799999987,0.007798708000001042,0.6666666666666666,0.5454545454545454,0.5,0.18181818181818182,0.26666666666666666,0.7747933884297521,0.6021775340555245,0.13130643285972254
mc2,Random Forest,7,2,2,129,32,0.064936874999999,0.007854874999999595,0.6875,0.6363636363636364,0.5,0.5,0.5,0.7545454545454545,0.6396778711484593,0.2727272727272727
mc2,Random Forest,8,2,3,129,32,0.06378783300000102,0.0076652080000005895,0.71875,0.6045454545454545,0.6,0.3,0.4,0.5568181818181819,0.49362203972498087,0.26691907246540336
mc2,Random Forest,9,2,4,129,32,0.06472583300000068,0.007990250000000643,0.78125,0.65,1.0,0.3,0.46153846153846156,0.7318181818181818,0.6459007813651776,0.477059961531621
mc2,Random Forest,10,2,5,129,32,0.06551933300000101,0.008039458000000721,0.6875,0.5887445887445888,0.6,0.2727272727272727,0.375,0.7575757575757576,0.624768178382393,0.2321726094326961
mc2,SVM,1,1,1,128,33,0.005946957999999114,0.0021785409999992567,0.696969696969697,0.5909090909090908,0.6,0.2727272727272727,0.375,0.7727272727272727,0.5873634563543285,0.23904572186687872
mc2,SVM,2,1,2,129,32,0.006253707999999136,0.002288291999999359,0.75,0.6,1.0,0.2,0.3333333333333333,0.7295454545454545,0.6843810803891449,0.38297084310253526
mc2,SVM,3,1,3,129,32,0.005970665999999625,0.0021830420000004125,0.75,0.6545454545454545,0.6666666666666666,0.4,0.5,0.6636363636363637,0.5361369770580297,0.3670584895244009
mc2,SVM,4,1,4,129,32,0.0059629999999994965,0.0021487499999999216,0.75,0.6545454545454545,0.6666666666666666,0.4,0.5,0.8090909090909091,0.6006926406926407,0.3670584895244009
mc2,SVM,5,1,5,129,32,0.005756209000001178,0.00216104200000089,0.6875,0.5454545454545454,1.0,0.09090909090909091,0.16666666666666666,0.5497835497835498,0.486473684918661,0.24816038707378335
mc2,SVM,6,2,1,128,33,0.005750041999998956,0.002123750000000868,0.7272727272727273,0.5909090909090909,1.0,0.18181818181818182,0.3076923076923077,0.7458677685950413,0.6175203139106882,0.35921060405354976
mc2,SVM,7,2,2,129,32,0.0058661250000007215,0.002137875000000733,0.65625,0.5318181818181819,0.4,0.2,0.26666666666666666,0.6636363636363637,0.43579631720936074,0.08123623944599233
mc2,SVM,8,2,3,129,32,0.005964499999999262,0.002168291999998573,0.65625,0.5045454545454545,0.3333333333333333,0.1,0.15384615384615385,0.4818181818181818,0.34167866447278206,0.014456362470655182
mc2,SVM,9,2,4,129,32,0.005916166999998751,0.002139958999999081,0.78125,0.65,1.0,0.3,0.46153846153846156,0.8409090909090909,0.759978354978355,0.477059961531621
mc2,SVM,10,2,5,129,32,0.005914583000000917,0.002129625000000246,0.71875,0.5909090909090909,1.0,0.18181818181818182,0.3076923076923077,0.7835497835497836,0.7256464942681952,0.3567530340063379
mc2,Logistic Regression,1,1,1,128,33,0.005963209000000802,0.0018174169999998213,0.6666666666666666,0.6136363636363636,0.5,0.45454545454545453,0.47619047619047616,0.731404958677686,0.6511656275413391,0.23312620206007845
mc2,Logistic Regression,2,1,2,129,32,0.005915458000000484,0.0018103329999998863,0.71875,0.6318181818181818,0.5714285714285714,0.4,0.47058823529411764,0.7477272727272727,0.5943605079131395,0.29559537103382283
mc2,Logistic Regression,3,1,3,129,32,0.006420791000000037,0.0017868749999987443,0.65625,0.5863636363636364,0.4444444444444444,0.4,0.42105263157894735,0.6727272727272728,0.5728246187363835,0.17806849308658554
mc2,Logistic Regression,4,1,4,129,32,0.006144875000000383,0.0017754580000008957,0.71875,0.6318181818181818,0.5714285714285714,0.4,0.47058823529411764,0.8272727272727273,0.7120887445887447,0.29559537103382283
mc2,Logistic Regression,5,1,5,129,32,0.007259624999999659,0.0017687080000001743,0.71875,0.6341991341991342,0.6666666666666666,0.36363636363636365,0.47058823529411764,0.645021645021645,0.6397865227657719,0.32660542964119055
mc2,Logistic Regression,6,2,1,128,33,0.006186416999998556,0.001794999999999547,0.7575757575757576,0.6363636363636364,1.0,0.2727272727272727,0.42857142857142855,0.75,0.6457742151522056,0.4472135954999579
mc2,Logistic Regression,7,2,2,129,32,0.0061003330000009015,0.0019183750000006938,0.71875,0.6590909090909092,0.5555555555555556,0.5,0.5263157894736842,0.7318181818181818,0.5904184704184704,0.3280209083173944
mc2,Logistic Regression,8,2,3,129,32,0.007468208000000587,0.0018306250000001967,0.5625,0.43636363636363634,0.16666666666666666,0.1,0.125,0.5045454545454545,0.3400167475785916,-0.15114173098063566
mc2,Logistic Regression,9,2,4,129,32,0.006544500000000397,0.0017632089999999323,0.84375,0.8045454545454545,0.7777777777777778,0.7,0.7368421052631579,0.8318181818181818,0.8315415821501013,0.6279257387790121
mc2,Logistic Regression,10,2,5,129,32,0.0060477500000004625,0.0017632089999999323,0.8125,0.7489177489177489,0.8571428571428571,0.5454545454545454,0.6666666666666666,0.8571428571428572,0.7969435792965205,0.5719694409972929
mw1,Random Forest,1,1,1,322,81,0.07589691699999968,0.008084624999998624,0.9135802469135802,0.5700000000000001,0.3333333333333333,0.16666666666666666,0.2222222222222222,0.6311111111111112,0.31452913585681946,0.1941450686788302
mw1,Random Forest,2,1,2,322,81,0.07753800000000055,0.008157875000000203,0.8888888888888888,0.6333333333333333,0.2857142857142857,0.3333333333333333,0.3076923076923077,0.6122222222222221,0.1587230471639074,0.24854790640048
mw1,Random Forest,3,1,3,322,81,0.07785116700000039,0.008078834000000867,0.9135802469135802,0.5,0.0,0.0,0.0,0.7683397683397684,0.2861191277857944,0.0
mw1,Random Forest,4,1,4,323,80,0.07694295800000006,0.008241999999999194,0.925,0.5765765765765766,0.5,0.16666666666666666,0.25,0.918918918918919,0.428855580693816,0.2583777597996135
mw1,Random Forest,5,1,5,323,80,0.07891341700000076,0.008126332999999875,0.925,0.7297297297297297,0.5,0.5,0.5,0.7781531531531533,0.5036616161616161,0.4594594594594595
mw1,Random Forest,6,2,1,322,81,0.07830083299999835,0.008585625000000263,0.9135802469135802,0.5700000000000001,0.3333333333333333,0.16666666666666666,0.2222222222222222,0.8522222222222222,0.2930672268907563,0.1941450686788302
mw1,Random Forest,7,2,2,322,81,0.07837050000000012,0.008124332999999595,0.9506172839506173,0.7433333333333334,0.75,0.5,0.6,0.8633333333333333,0.43364197530864196,0.5882507637385276
mw1,Random Forest,8,2,3,322,81,0.07572766699999889,0.00841416699999975,0.8518518518518519,0.46621621621621623,0.0,0.0,0.0,0.5598455598455598,0.1328433322939166,-0.07888807635980005
mw1,Random Forest,9,2,4,323,80,0.0788257080000001,0.008108082999999766,0.9125,0.5698198198198199,0.3333333333333333,0.16666666666666666,0.2222222222222222,0.7995495495495496,0.38371212121212117,0.19359503474789194
mw1,Random Forest,10,2,5,323,80,0.07793570900000013,0.008313209000000654,0.9,0.4864864864864865,0.0,0.0,0.0,0.7409909909909911,0.22917215634606938,-0.04559607525875532
mw1,SVM,1,1,1,322,81,0.009411125000001519,0.002576624999999666,0.9259259259259259,0.5,0.0,0.0,0.0,0.7466666666666666,0.23493788819875777,0.0
mw1,SVM,2,1,2,322,81,0.009196167000000699,0.002511541999998812,0.9259259259259259,0.5,0.0,0.0,0.0,0.6966666666666668,0.35080266955266953,0.0
mw1,SVM,3,1,3,322,81,0.009296542000001295,0.0025941249999998917,0.9135802469135802,0.5,0.0,0.0,0.0,0.7799227799227799,0.5071626824245681,0.0
mw1,SVM,4,1,4,323,80,0.009636042000000344,0.00253916700000012,0.925,0.5,0.0,0.0,0.0,0.822072072072072,0.4888888888888888,0.0
mw1,SVM,5,1,5,323,80,0.00964420900000107,0.002586167000000472,0.9375,0.5833333333333334,1.0,0.16666666666666666,0.2857142857142857,0.8941441441441441,0.567104192104192,0.39511788552268245
mw1,SVM,6,2,1,322,81,0.00950495800000084,0.002601834000000025,0.9382716049382716,0.5833333333333334,1.0,0.16666666666666666,0.2857142857142857,0.6244444444444444,0.3266833403806764,0.39528470752104744
mw1,SVM,7,2,2,322,81,0.010003249999998687,0.0026450419999992647,0.9259259259259259,0.5,0.0,0.0,0.0,0.9466666666666667,0.7146825396825396,0.0
mw1,SVM,8,2,3,322,81,0.008571040999999724,0.002524500000001595,0.9135802469135802,0.5,0.0,0.0,0.0,0.6467181467181466,0.21978647918497543,0.0
mw1,SVM,9,2,4,323,80,0.009553874999999934,0.002551666000000452,0.925,0.5,0.0,0.0,0.0,0.8130630630630631,0.3947811447811448,0.0
mw1,SVM,10,2,5,323,80,0.009343582999999711,0.002599957999997571,0.925,0.5,0.0,0.0,0.0,0.8108108108108107,0.25623045124974575,0.0
mw1,Logistic Regression,1,1,1,322,81,0.00712624999999889,0.0019019590000013409,0.9506172839506173,0.6666666666666666,1.0,0.3333333333333333,0.5,0.6577777777777778,0.41474371956828093,0.562543950463012
mw1,Logistic Regression,2,1,2,322,81,0.007120707999998643,0.0018539580000016542,0.9382716049382716,0.66,0.6666666666666666,0.3333333333333333,0.4444444444444444,0.7077777777777778,0.35209595959595963,0.4437601569801833
mw1,Logistic Regression,3,1,3,322,81,0.007129500000001343,0.001859458999998509,0.9259259259259259,0.6361003861003861,0.6666666666666666,0.2857142857142857,0.4,0.8436293436293436,0.3673113118765292,0.4049918690769162
mw1,Logistic Regression,4,1,4,323,80,0.006929166999999126,0.0018362500000002058,0.925,0.5,0.0,0.0,0.0,0.8018018018018018,0.35593689004554324,0.0
mw1,Logistic Regression,5,1,5,323,80,0.007364625000001013,0.0018199159999987558,0.95,0.7432432432432432,0.75,0.5,0.6,0.8963963963963963,0.5051008932587879,0.5879298010176119
mw1,Logistic Regression,6,2,1,322,81,0.00747537500000206,0.0019885829999992666,0.9382716049382716,0.66,0.6666666666666666,0.3333333333333333,0.4444444444444444,0.7488888888888889,0.44104191814158217,0.4437601569801833
mw1,Logistic Regression,7,2,2,322,81,0.007138707999999383,0.002016292000000419,0.9382716049382716,0.5833333333333334,1.0,0.16666666666666666,0.2857142857142857,0.8111111111111111,0.561441798941799,0.39528470752104744
mw1,Logistic Regression,8,2,3,322,81,0.00688650000000024,0.0018210419999995509,0.8765432098765432,0.4797297297297297,0.0,0.0,0.0,0.5328185328185329,0.12813699579044274,-0.06031793794762582
mw1,Logistic Regression,9,2,4,323,80,0.007393291999999718,0.0018348330000002022,0.9375,0.6599099099099099,0.6666666666666666,0.3333333333333333,0.4444444444444444,0.8986486486486487,0.6728632478632478,0.4433950795838815
mw1,Logistic Regression,10,2,5,323,80,0.007220832999998095,0.0018246659999974213,0.925,0.5765765765765766,0.5,0.16666666666666666,0.25,0.8018018018018018,0.34331599557588255,0.2583777597996135
pc1,Random Forest,1,1,1,887,222,0.11141812500000015,0.009311333999999505,0.9369369369369369,0.6879227053140097,0.5454545454545454,0.4,0.46153846153846156,0.7797101449275363,0.36621327584689656,0.4347128555527298
pc1,Random Forest,2,1,2,887,222,0.11190050000000085,0.00945787499999895,0.9369369369369369,0.5951690821256038,0.6,0.2,0.3,0.8383252818035427,0.421310212347364,0.32198957402542183
pc1,Random Forest,3,1,3,887,222,0.11435808299999906,0.009408665999998789,0.9369369369369369,0.7066140776699029,0.5833333333333334,0.4375,0.5,0.9039745145631068,0.5647693967230156,0.4725885940176315
pc1,Random Forest,4,1,4,887,222,0.11082975000000062,0.009578958000002302,0.9369369369369369,0.5625,1.0,0.125,0.2222222222222222,0.845873786407767,0.44938295497576675,0.3421190648669766
pc1,Random Forest,5,1,5,888,221,0.11478362500000117,0.009661999999998727,0.9366515837104072,0.656957928802589,0.5555555555555556,0.3333333333333333,0.4166666666666667,0.8728155339805825,0.4143045320737451,0.3994876054344042
pc1,Random Forest,6,2,1,887,222,0.11529045900000057,0.009273084000000154,0.9369369369369369,0.6260869565217392,0.5714285714285714,0.26666666666666666,0.36363636363636365,0.8122383252818035,0.37466798684636415,0.362211896201009
pc1,Random Forest,7,2,2,887,222,0.1097274999999982,0.009456124999999815,0.9279279279279279,0.5594202898550725,0.4,0.13333333333333333,0.2,0.8037037037037038,0.3368950354151332,0.20103917566054255
pc1,Random Forest,8,2,3,887,222,0.11227691600000256,0.009705124999999981,0.9504504504504504,0.65625,1.0,0.3125,0.47619047619047616,0.8994235436893204,0.5951086453767015,0.5446641039898951
pc1,Random Forest,9,2,4,887,222,0.11335533300000122,0.0094623750000018,0.9369369369369369,0.5913228155339806,0.75,0.1875,0.3,0.8831917475728155,0.4221610972002138,0.35509507368668347
pc1,Random Forest,10,2,5,888,221,0.11291374999999704,0.009792208000000358,0.9321266968325792,0.6854368932038835,0.5,0.4,0.4444444444444444,0.8237864077669903,0.3576441614875069,0.4116627888016256
pc1,SVM,1,1,1,887,222,0.03478783399999941,0.005322082999999367,0.9324324324324325,0.5,0.0,0.0,0.0,0.7964573268921095,0.4361516617987194,0.0
pc1,SVM,2,1,2,887,222,0.032353125000000205,0.004991332999999543,0.9324324324324325,0.5,0.0,0.0,0.0,0.4679549114331723,0.18731277136525543,0.0
pc1,SVM,3,1,3,887,222,0.033063874999999854,0.0052525000000009925,0.9279279279279279,0.5,0.0,0.0,0.0,0.600121359223301,0.23761613592539987,0.0
pc1,SVM,4,1,4,887,222,0.03583349999999896,0.0052059590000013145,0.9279279279279279,0.5,0.0,0.0,0.0,0.549757281553398,0.3081303907794947,0.0
pc1,SVM,5,1,5,888,221,0.03342024999999893,0.004850582999999631,0.9276018099547512,0.4975728155339806,0.0,0.0,0.0,0.6355987055016181,0.15630149741389124,-0.018192847493224876
pc1,SVM,6,2,1,887,222,0.03327545800000209,0.005209332999999816,0.9279279279279279,0.5285024154589372,0.3333333333333333,0.06666666666666667,0.1111111111111111,0.5452495974235104,0.15248415490904751,0.12392524304482758
pc1,SVM,7,2,2,887,222,0.03206787499999919,0.005038250000001909,0.9324324324324325,0.5,0.0,0.0,0.0,0.607085346215781,0.2712166708620966,0.0
pc1,SVM,8,2,3,887,222,0.03396841700000053,0.004961125000001232,0.9279279279279279,0.5,0.0,0.0,0.0,0.5785800970873786,0.211906111044808,0.0
pc1,SVM,9,2,4,887,222,0.03544012500000093,0.005252875000000046,0.9324324324324325,0.53125,1.0,0.0625,0.11764705882352941,0.5905643203883495,0.26663218060797056,0.2413667718474028
pc1,SVM,10,2,5,888,221,0.032516125000000784,0.004944292000001127,0.9321266968325792,0.5,0.0,0.0,0.0,0.6181229773462783,0.30396288306159197,0.0
pc1,Logistic Regression,1,1,1,887,222,0.0107096250000005,0.0018462919999997496,0.9414414414414415,0.6594202898550725,0.625,0.3333333333333333,0.43478260869565216,0.8193236714975846,0.3357060580162815,0.4293905795531857
pc1,Logistic Regression,2,1,2,887,222,0.010481458999997528,0.0018365000000031273,0.9369369369369369,0.5642512077294686,0.6666666666666666,0.13333333333333333,0.2222222222222222,0.8657004830917875,0.3699459417286349,0.2793569038129164
pc1,Logistic Regression,3,1,3,887,222,0.009460499999999428,0.0017963750000014045,0.9234234234234234,0.5263956310679612,0.3333333333333333,0.0625,0.10526315789473684,0.7754854368932039,0.22622637219256425,0.118242325359058
pc1,Logistic Regression,4,1,4,887,222,0.011133333000000079,0.001844250000001324,0.9144144144144144,0.5215412621359223,0.2,0.0625,0.09523809523809523,0.8373786407766991,0.2109676687950643,0.07508961433647096
pc1,Logistic Regression,5,1,5,888,221,0.012392583000000457,0.0018633330000028536,0.918552036199095,0.5236245954692557,0.2,0.06666666666666667,0.1,0.8472491909385114,0.22044366281922873,0.0799211525622149
pc1,Logistic Regression,6,2,1,887,222,0.011677417000001356,0.001978042000001068,0.9234234234234234,0.5260869565217392,0.25,0.06666666666666667,0.10526315789473684,0.7513687600644122,0.17081267561750219,0.09845232344654106
pc1,Logistic Regression,7,2,2,887,222,0.010952374999998682,0.0019354590000020266,0.9279279279279279,0.5594202898550725,0.4,0.13333333333333333,0.2,0.818035426731079,0.2798083741506939,0.20103917566054255
pc1,Logistic Regression,8,2,3,887,222,0.010480292000000446,0.00191029200000159,0.918918918918919,0.49514563106796117,0.0,0.0,0.0,0.8079490291262137,0.24573753072629836,-0.02657235455277488
pc1,Logistic Regression,9,2,4,887,222,0.010463042000001366,0.001892000000001559,0.9279279279279279,0.5288228155339806,0.5,0.0625,0.1111111111111111,0.7598604368932039,0.24464855976233513,0.15777335515710086
pc1,Logistic Regression,10,2,5,888,221,0.01005075000000133,0.0019038749999999993,0.9321266968325792,0.6236245954692556,0.5,0.26666666666666666,0.34782608695652173,0.8385113268608414,0.30375716004098896,0.3329502333818838
pc3,Random Forest,1,1,1,1250,313,0.17941270800000098,0.011110999999999649,0.9009584664536742,0.5848532028469751,0.5454545454545454,0.1875,0.27906976744186046,0.8390235765124555,0.4544873297164013,0.27920717240088716
pc3,Random Forest,2,1,2,1250,313,0.18192133399999832,0.01109241700000041,0.9041533546325878,0.55894128113879,0.6666666666666666,0.125,0.21052631578947367,0.8630449288256228,0.4861933641520392,0.2604551224306112
pc3,Random Forest,3,1,3,1250,313,0.17821412500000022,0.011635125000001523,0.8977635782747604,0.6107651245551602,0.5,0.25,0.3333333333333333,0.8972975978647686,0.4981020054451095,0.30473544310371764
pc3,Random Forest,4,1,4,1251,312,0.18195712500000027,0.010843916999998982,0.8910256410256411,0.5794642857142858,0.42857142857142855,0.1875,0.2608695652173913,0.7578683035714285,0.3790754679290115,0.2329076935171812
pc3,Random Forest,5,1,5,1251,312,0.17529879199999954,0.011100000000002552,0.9038461538461539,0.6004464285714286,0.5833333333333334,0.21875,0.3181818181818182,0.8123325892857143,0.36608367520656043,0.31693284552319373
pc3,Random Forest,6,2,1,1250,313,0.1814754160000014,0.01135308399999957,0.9073482428115016,0.5884119217081851,0.6666666666666666,0.1875,0.2926829268292683,0.8717749110320285,0.49589922955713034,0.32056118044211646
pc3,Random Forest,7,2,2,1250,313,0.17877804200000114,0.010945458000001906,0.9009584664536742,0.59869884341637,0.5384615384615384,0.21875,0.3111111111111111,0.8180048932384342,0.39016563576191066,0.29973530807137916
pc3,Random Forest,8,2,3,1250,313,0.17988333299999937,0.011175666000003304,0.9041533546325878,0.5727869217081851,0.625,0.15625,0.25,0.8767237544483985,0.4714694251985341,0.2794580242329935
pc3,Random Forest,9,2,4,1251,312,0.179109167,0.011064375000000126,0.8942307692307693,0.5535714285714286,0.4444444444444444,0.125,0.1951219512195122,0.84921875,0.3847867126513018,0.19421137330248636
pc3,Random Forest,10,2,5,1251,312,0.18251458299999967,0.011230874999998974,0.9038461538461539,0.5589285714285714,0.6666666666666666,0.125,0.21052631578947367,0.8453125,0.41122093962294826,0.26035958758213296
pc3,SVM,1,1,1,1250,313,0.09210687499999892,0.011664209000002757,0.8977635782747604,0.5,0.0,0.0,0.0,0.7312055160142349,0.29086728873182566,0.0
pc3,SVM,2,1,2,1250,313,0.08353637500000133,0.011075417000000698,0.8977635782747604,0.5,0.0,0.0,0.0,0.6533585409252669,0.2585063100492369,0.0
pc3,SVM,3,1,3,1250,313,0.08139808299999984,0.010839542000002922,0.8977635782747604,0.5,0.0,0.0,0.0,0.7768016014234875,0.3016707799591987,0.0
pc3,SVM,4,1,4,1251,312,0.08001133400000171,0.010872041999999027,0.8974358974358975,0.5,0.0,0.0,0.0,0.7300223214285714,0.29762073740558626,0.0
pc3,SVM,5,1,5,1251,312,0.08235754200000045,0.011439250000002232,0.8974358974358975,0.5,0.0,0.0,0.0,0.6491071428571428,0.25907807356997214,0.0
pc3,SVM,6,2,1,1250,313,0.08830825000000075,0.011056834000001459,0.8977635782747604,0.5,0.0,0.0,0.0,0.6133229537366548,0.3473799054727906,0.0
pc3,SVM,7,2,2,1250,313,0.07756150000000162,0.011447125000000113,0.8977635782747604,0.5,0.0,0.0,0.0,0.69461743772242,0.21025963868409203,0.0
pc3,SVM,8,2,3,1250,313,0.08513824999999997,0.01134204200000255,0.8977635782747604,0.5,0.0,0.0,0.0,0.7596196619217082,0.2881350388596499,0.0
pc3,SVM,9,2,4,1251,312,0.08188779099999977,0.011184416000002528,0.8974358974358975,0.5,0.0,0.0,0.0,0.6808035714285714,0.23325697611957902,0.0
pc3,SVM,10,2,5,1251,312,0.0836522500000001,0.011478374999999374,0.8974358974358975,0.5,0.0,0.0,0.0,0.7160714285714286,0.260559704632129,0.0
pc3,Logistic Regression,1,1,1,1250,313,0.018904417000001672,0.0021013749999987397,0.9041533546325878,0.55894128113879,0.6666666666666666,0.125,0.21052631578947367,0.7897019572953736,0.3719077425270654,0.2604551224306112
pc3,Logistic Regression,2,1,2,1250,313,0.016893291999998894,0.0021253750000020943,0.8945686900958466,0.5951401245551602,0.4666666666666667,0.21875,0.2978723404255319,0.8180604982206406,0.38537885119489984,0.26987838268000863
pc3,Logistic Regression,3,1,3,1250,313,0.018747375000000233,0.002096083000001414,0.8977635782747604,0.5553825622775801,0.5,0.125,0.2,0.839079181494662,0.40296491233597426,0.2126357464752189
pc3,Logistic Regression,4,1,4,1251,312,0.01797924999999978,0.0021917080000015687,0.8878205128205128,0.55,0.36363636363636365,0.125,0.18604651162790697,0.8073660714285714,0.28135076400024034,0.16450322423053299
pc3,Logistic Regression,5,1,5,1251,312,0.018480165999999798,0.0020805840000015507,0.9038461538461539,0.6004464285714286,0.5833333333333334,0.21875,0.3181818181818182,0.8420758928571428,0.3855420750018719,0.31693284552319373
pc3,Logistic Regression,6,2,1,1250,313,0.01868333299999847,0.0021093329999999355,0.9041533546325878,0.61432384341637,0.5714285714285714,0.25,0.34782608695652173,0.8006005338078293,0.4075249338976917,0.335116143242971
pc3,Logistic Regression,7,2,2,1250,313,0.017336958000001346,0.0021818340000017145,0.8785942492012779,0.5447064056939501,0.2857142857142857,0.125,0.17391304347826086,0.7755782918149466,0.2762048642633946,0.13104736340824352
pc3,Logistic Regression,8,2,3,1250,313,0.018297666999998796,0.002135540999997687,0.9009584664536742,0.5710075622775801,0.5555555555555556,0.15625,0.24390243902439024,0.8409141459074734,0.43952712608290934,0.2574569983802407
pc3,Logistic Regression,9,2,4,1251,312,0.02039970799999935,0.002121542000001142,0.8974358974358975,0.5830357142857143,0.5,0.1875,0.2727272727272727,0.8417410714285714,0.31716843202784667,0.2619978189658401
pc3,Logistic Regression,10,2,5,1251,312,0.019173082999998314,0.0022286250000007612,0.9006410256410257,0.5294642857142857,0.6666666666666666,0.0625,0.11428571428571428,0.8260044642857143,0.38324778906969487,0.1832061509848087
pc4,Random Forest,1,1,1,1166,292,0.14718075000000042,0.010600000000000165,0.9075342465753424,0.6488715277777778,0.8461538461538461,0.3055555555555556,0.4489795918367347,0.9546440972222222,0.7561374341046239,0.47461241698790063
pc4,Random Forest,2,1,2,1166,292,0.14639591599999946,0.010368707999997895,0.9178082191780822,0.7144097222222222,0.8,0.4444444444444444,0.5714285714285714,0.9493815104166667,0.707805832569723,0.5581439904292508
pc4,Random Forest,3,1,3,1166,292,0.1480266669999999,0.010690792000001892,0.9075342465753424,0.625,1.0,0.25,0.4,0.9495985243055556,0.7389992741464922,0.4755506386222112
pc4,Random Forest,4,1,4,1167,291,0.1453892500000009,0.01056949999999901,0.9175257731958762,0.694140625,0.8235294117647058,0.4,0.5384615384615384,0.9387276785714285,0.6564720563799118,0.5385185674398406
pc4,Random Forest,5,1,5,1167,291,0.14290124999999776,0.010334917000001553,0.8865979381443299,0.6272321428571428,0.5555555555555556,0.2857142857142857,0.37735849056603776,0.9265066964285714,0.6307062683803523,0.343607999546244
pc4,Random Forest,6,2,1,1166,292,0.14637799999999856,0.01066449999999719,0.9006849315068494,0.6449652777777778,0.7333333333333333,0.3055555555555556,0.43137254901960786,0.9392903645833334,0.6782776330962172,0.4317970855521403
pc4,Random Forest,7,2,2,1166,292,0.14536208300000197,0.010607207999999702,0.9143835616438356,0.6885850694444444,0.8235294117647058,0.3888888888888889,0.5283018867924528,0.9486762152777778,0.7485478783516892,0.5295631138053971
pc4,Random Forest,8,2,3,1166,292,0.1451624580000015,0.010219916000000495,0.910958904109589,0.6866319444444444,0.7777777777777778,0.3888888888888889,0.5185185185185185,0.9425998263888888,0.6755897388649242,0.5102413789141766
pc4,Random Forest,9,2,4,1167,291,0.14736366700000048,0.01049066600000259,0.9106529209621993,0.6532366071428571,0.8461538461538461,0.3142857142857143,0.4583333333333333,0.9569754464285714,0.7491155891724247,0.4825612601443245
pc4,Random Forest,10,2,5,1167,291,0.14146562500000215,0.01034704099999928,0.9003436426116839,0.6350446428571428,0.7142857142857143,0.2857142857142857,0.40816326530612246,0.9188058035714286,0.5528787851045324,0.41054187245998786
pc4,SVM,1,1,1,1166,292,0.06248437500000037,0.009910875000002761,0.9006849315068494,0.5972222222222222,1.0,0.19444444444444445,0.32558139534883723,0.9129774305555555,0.6941212719734139,0.417922085317002
pc4,SVM,2,1,2,1166,292,0.06237674999999854,0.010174791999997268,0.8904109589041096,0.6271701388888888,0.625,0.2777777777777778,0.38461538461538464,0.8967013888888888,0.5859517273883883,0.36742765577219144
pc4,SVM,3,1,3,1166,292,0.060900000000000176,0.010033666000001773,0.8938356164383562,0.5813802083333334,0.8571428571428571,0.16666666666666666,0.27906976744186046,0.8997395833333333,0.5894756941005269,0.34982317409347263
pc4,SVM,4,1,4,1167,291,0.061669334000001186,0.010252417000000236,0.9140893470790378,0.6428571428571428,1.0,0.2857142857142857,0.4444444444444444,0.846875,0.6087241238303732,0.5101910086203713
pc4,SVM,5,1,5,1167,291,0.06396337500000016,0.01050837500000057,0.9072164948453608,0.6266183035714286,0.9,0.2571428571428571,0.4,0.8949776785714285,0.6714029293897955,0.4521966400623525
pc4,SVM,6,2,1,1166,292,0.061132999999998106,0.009957417000002522,0.8801369863013698,0.5735677083333334,0.5454545454545454,0.16666666666666666,0.2553191489361702,0.842013888888889,0.4807538237182316,0.2540615562120177
pc4,SVM,7,2,2,1166,292,0.06264249999999905,0.010245417000000145,0.9075342465753424,0.625,1.0,0.25,0.4,0.8933376736111112,0.6408845368894873,0.4755506386222112
pc4,SVM,8,2,3,1166,292,0.06054554199999984,0.009878582999998997,0.8801369863013698,0.5735677083333334,0.5454545454545454,0.16666666666666666,0.2553191489361702,0.876953125,0.5361648029228508,0.2540615562120177
pc4,SVM,9,2,4,1167,291,0.06356141600000242,0.01030474999999953,0.8969072164948454,0.5714285714285714,1.0,0.14285714285714285,0.25,0.9371651785714286,0.7400404558787413,0.35759212501413934
pc4,SVM,10,2,5,1167,291,0.06279404100000008,0.010582291999998716,0.9209621993127147,0.6714285714285715,1.0,0.34285714285714286,0.5106382978723404,0.872265625,0.6603654189116329,0.5608858475195935
pc4,Logistic Regression,1,1,1,1166,292,0.01621550000000127,0.0020456660000007787,0.9212328767123288,0.7282986111111112,0.8095238095238095,0.4722222222222222,0.5964912280701754,0.9051649305555556,0.7281154467593752,0.581045584595399
pc4,Logistic Regression,2,1,2,1166,292,0.01597316699999851,0.002114624999997261,0.9041095890410958,0.7185329861111112,0.6538461538461539,0.4722222222222222,0.5483870967741935,0.9252387152777778,0.6715108305764519,0.5045343465995719
pc4,Logistic Regression,3,1,3,1166,292,0.015149791999998996,0.0020791669999979945,0.9006849315068494,0.6449652777777778,0.7333333333333333,0.3055555555555556,0.43137254901960786,0.9103732638888888,0.5889089603909788,0.4317970855521403
pc4,Logistic Regression,4,1,4,1167,291,0.017551166000000507,0.0021621660000015197,0.8969072164948454,0.6700892857142857,0.6190476190476191,0.37142857142857144,0.4642857142857143,0.875892857142857,0.5688782917325654,0.4276312438604359
pc4,Logistic Regression,5,1,5,1167,291,0.016006041000000693,0.002123415999999878,0.9312714776632303,0.7389508928571429,0.8947368421052632,0.4857142857142857,0.6296296296296297,0.9098214285714286,0.6671991507109445,0.6292618541752547
pc4,Logistic Regression,6,2,1,1166,292,0.015902041000000366,0.002034999999999343,0.8904109589041096,0.6510416666666666,0.6,0.3333333333333333,0.42857142857142855,0.8973524305555556,0.5302167774605364,0.3931864547963143
pc4,Logistic Regression,7,2,2,1166,292,0.015983249999997895,0.002104250000002139,0.9246575342465754,0.7541232638888888,0.7916666666666666,0.5277777777777778,0.6333333333333333,0.9278428819444444,0.6953377645638363,0.6083767878031449
pc4,Logistic Regression,8,2,3,1166,292,0.01633520800000099,0.002058749999999776,0.9041095890410958,0.6588541666666666,0.75,0.3333333333333333,0.46153846153846156,0.9108072916666667,0.6785994481985855,0.45897106488949513
pc4,Logistic Regression,9,2,4,1167,291,0.014203375000001017,0.0020446659999997507,0.9243986254295533,0.7103794642857143,0.8823529411764706,0.42857142857142855,0.5769230769230769,0.9295758928571428,0.7436013764607827,0.5835628051877548
pc4,Logistic Regression,10,2,5,1167,291,0.016488165999998472,0.0020541660000006345,0.9072164948453608,0.68828125,0.7,0.4,0.509090909090909,0.9233258928571428,0.6814258322834162,0.48416281360075636
