dataset,model,n_folds,accuracy_mean,accuracy_std,accuracy_ci95_low,accuracy_ci95_high,balanced_accuracy_mean,balanced_accuracy_std,balanced_accuracy_ci95_low,balanced_accuracy_ci95_high,precision_mean,precision_std,precision_ci95_low,precision_ci95_high,recall_mean,recall_std,recall_ci95_low,recall_ci95_high,f1_mean,f1_std,f1_ci95_low,f1_ci95_high,roc_auc_mean,roc_auc_std,roc_auc_ci95_low,roc_auc_ci95_high,pr_auc_mean,pr_auc_std,pr_auc_ci95_low,pr_auc_ci95_high,mcc_mean,mcc_std,mcc_ci95_low,mcc_ci95_high,fit_seconds_mean,predict_seconds_mean
ar1,Logistic Regression,10,0.9131666666666668,0.03659462619930236,0.886988448092934,0.9393448852403996,0.5638339920948616,0.1678428194306172,0.44376647209461567,0.6839015120951075,0.15,0.3374742788552764,0.0,0.3914145559725568,0.15,0.3374742788552764,0.0,0.3914145559725568,0.13333333333333333,0.2810913475705226,0.0,0.33441397003147544,0.6391304347826087,0.2226242650549558,0.4798746293349674,0.79838624023025,0.26466602841602843,0.19254200290834422,0.12692977694271737,0.4024022798893395,0.11858713364914002,0.3036811280141218,0.0,0.33582752579237113,0.006967745800000058,0.0018456167999999717
ar1,Random Forest,10,0.9131666666666666,0.02382355406724744,0.8961243227394745,0.9302090105938586,0.5411067193675889,0.1539630125960709,0.4309682150402198,0.651245223694958,0.05,0.15811388300841897,0.0,0.16310785814270495,0.1,0.31622776601683794,0.0,0.3262157162854099,0.06666666666666667,0.21081851067789192,0.0,0.2174771441902732,0.8120553359683795,0.17979486685194684,0.6834378363045853,0.9406728356321737,0.38481092436974784,0.2745551862810234,0.18840597578870266,0.581215872950793,0.0522346891246173,0.22626723128831688,0.0,0.21409651562557575,0.057477658400000076,0.007846833400000097
ar1,SVM,10,0.9215,0.02356302292539556,0.9046440288243567,0.9383559711756433,0.49772727272727274,0.007186994682200855,0.4925860064480589,0.5028685390064866,0.0,0.0,0.0,0.0,0.0,0.0,0.0,0.0,0.0,0.0,0.0,0.0,0.5153162055335968,0.2617664386315678,0.3280597759025318,0.7025726351646617,0.19143744398539791,0.15901241303916436,0.07768681617996136,0.30518807179083446,-0.006286946134619315,0.019881069312188603,0.0,0.007935114096287655,0.00440735800000005,0.0019605084000000163
ar3,Random Forest,10,0.9217948717948717,0.051353226959999325,0.8850589862442496,0.9585307573454939,0.7613636363636364,0.21001388296407747,0.6111287548318566,0.9115985178954161,0.5833333333333333,0.43920523057894156,0.26914483849248627,0.8975218281741802,0.55,0.43779751788545657,0.2368185221560849,0.8631814778439152,0.5433333333333333,0.4037020047534757,0.2545423162715969,0.8321243503950697,0.8159090909090908,0.2702857889595726,0.6225582851863536,1.0,0.6928571428571428,0.3626037527129049,0.4334660442166781,0.9522482414976076,0.5320095198186615,0.40356769484628213,0.2433145822765786,0.8207044573607445,0.055590603899999945,0.007768266799999956
ar3,Logistic Regression,10,0.8826923076923077,0.07371330345824983,0.8299609870002345,0.9354236283843809,0.6977272727272728,0.17736011831933338,0.5708514872406285,0.824603058213917,0.4666666666666666,0.41425226405127225,0.17032844875628372,0.7630048845770495,0.45,0.3689323936863109,0.1860816643336885,0.7139183356663115,0.43,0.3422691165561803,0.18515542376500838,0.6748445762349916,0.7,0.2916027084538038,0.491399988702667,0.9086000112973329,0.5826262626262626,0.3453795673452192,0.33555660393859515,0.8296959213139301,0.3982246433239877,0.34979735023655306,0.14799469313584745,0.648454593512128,0.004438728999999952,0.0017610290999997779
ar3,SVM,10,0.8756410256410255,0.08193545956380761,0.8170279287967274,0.9342541224853237,0.6113636363636363,0.21652623124099074,0.45647010151776535,0.7662571712095073,0.25,0.42491829279939874,0.0,0.5539682352348254,0.25,0.42491829279939874,0.0,0.5539682352348254,0.25,0.42491829279939874,0.0,0.5539682352348254,0.6954545454545454,0.3611340672225809,0.4371147964792148,0.9537942944298761,0.5848290598290597,0.3431216336804625,0.33937462958173953,0.83028349007638,0.21629079271322435,0.4384114419733929,0.0,0.5299114453931972,0.0036944748000000693,0.0019324292000000298
ar4,Random Forest,10,0.8601731601731603,0.04849858940860028,0.825479359309025,0.8948669610372955,0.682843137254902,0.09221440129641469,0.6168769284559316,0.7488093460538724,0.7666666666666666,0.25092421756969363,0.5871662947484655,0.9461670385848677,0.4,0.17480147469502527,0.2749545578999677,0.5250454421000323,0.5061904761904762,0.17986375404076463,0.37752369760042703,0.6348572547805253,0.8256944444444445,0.11005920038641574,0.7469628353804675,0.9044260535084215,0.6760959076613102,0.18254466129493843,0.5455113235526736,0.8066804917699468,0.4762578440664468,0.19968324345740063,0.33341305684904426,0.6191026312838492,0.05774153339999995,0.007733721000000049
ar4,Logistic Regression,10,0.8458874458874458,0.054565683354326495,0.8068535074699553,0.8849213843049363,0.6837418300653595,0.10550535627526697,0.608267844835087,0.759215815295632,0.615,0.29317862081622476,0.40527264891097675,0.8247273510890232,0.425,0.20581815058714115,0.2777665645997405,0.5722334354002595,0.4908730158730158,0.22140225706985486,0.3324913822766894,0.6492546494693422,0.7940359477124184,0.09414110275431964,0.7266914597197579,0.8613804357050788,0.6106670127258362,0.17013077638793495,0.488962786915569,0.7323712385361034,0.4234550561224865,0.24950833778500817,0.24496754358630948,0.6019425686586636,0.004853516799999902,0.0017941539999999812
ar4,SVM,10,0.8409090909090908,0.04596418298017622,0.8080282951861101,0.8737898866320716,0.6133986928104576,0.1000821995452353,0.5418042001992704,0.6849931854216447,0.6,0.45946829173634074,0.2713161844237434,0.9286838155762566,0.25,0.2041241452319315,0.10397838302937096,0.39602161697062904,0.3366666666666666,0.2574566965865987,0.15249324077049858,0.5208400925628347,0.7634803921568627,0.15223542953487315,0.6545777263029899,0.8723830580107355,0.6418592129834388,0.19740360881112742,0.5006451781533782,0.7830732478134995,0.32593032525675575,0.27895885781535074,0.12637517983192523,0.5254854706815862,0.0043616333999998425,0.0019417875999998557
ar5,Logistic Regression,10,0.8303571428571429,0.1318287773235125,0.7360525165907692,0.9246617691235166,0.7633333333333334,0.21064275532372426,0.6126485836160951,0.9140180830505718,0.5833333333333333,0.41013397389537226,0.28994116272683723,0.8767255039398293,0.65,0.4116363011742823,0.355533129199481,0.944466870800519,0.5700000000000001,0.3550169531684889,0.31603617080798246,0.8239638291920177,0.9099999999999999,0.13245078284609424,0.8152504177874844,1.0,0.8166666666666667,0.26585524697789775,0.6264852797477918,1.0,0.5077872612645531,0.40625797248427886,0.21716781503510324,0.7984067074940029,0.004248604099999919,0.001828862600000214
ar5,Random Forest,10,0.8178571428571428,0.11928547666547952,0.7325254533403811,0.9031888323739046,0.7550000000000001,0.20169803857606572,0.6107139151803089,0.8992860848196913,0.55,0.3853009085422156,0.27437233419074436,0.8256276658092557,0.65,0.4116363011742823,0.355533129199481,0.944466870800519,0.55,0.3330554397182636,0.31174649112055697,0.7882535088794431,0.9316666666666666,0.10612419930916957,0.8557499877983692,1.0,0.8333333333333334,0.23570226039551584,0.6647220936023391,1.0,0.4823228605145461,0.37904720120837215,0.21116882743458526,0.7534768935945069,0.05456600420000006,0.007760079299999933
ar5,SVM,10,0.8017857142857142,0.13894698331498817,0.7023890302050908,0.9011823983663376,0.6633333333333333,0.2132638775824014,0.5107735457069106,0.8158931209597561,0.3666666666666667,0.4567734398020993,0.0399106320321857,0.6934227013011477,0.4,0.45946829173634074,0.07131618442374343,0.7286838155762566,0.35666666666666663,0.4193027722479483,0.056715532839040794,0.6566178004942924,0.8949999999999999,0.1714228761546597,0.7723714616983801,1.0,0.8676190476190475,0.18858585803378827,0.7327128517028404,1.0,0.3217345284416537,0.4247869944926975,0.01786021835727164,0.6256088385260357,0.003910079000000089,0.0020609334000000422
ar6,Logistic Regression,10,0.8816666666666666,0.05692252495556309,0.840946745333411,0.9223865879999222,0.6553921568627451,0.14139091559556868,0.5542471889474405,0.7565371247780497,0.5833333333333334,0.4664682117707407,0.2496420766191026,0.9170245900475642,0.3333333333333333,0.2721655269759087,0.1386378440391612,0.5280288226275054,0.4133333333333333,0.3304318162423001,0.1769566516261338,0.6497100150405327,0.7703703703703704,0.21003969002740802,0.6201170275776138,0.920623713163127,0.6062019353195824,0.30942713131494237,0.3848511000332775,0.8275527706058874,0.3929694931951115,0.35110138701770893,0.14180669128990853,0.6441322951003144,0.008834329199999847,0.0019656166999999945
ar6,Random Forest,10,0.8616666666666667,0.0377539273785111,0.8346591339882665,0.8886741993450669,0.5746732026143792,0.09178828548947741,0.5090118187006522,0.6403345865281062,0.45,0.4972144630058767,0.09431420013146224,0.8056857998685378,0.16666666666666666,0.17568209223157663,0.04099126873032785,0.2923420646030055,0.24,0.2547329756605707,0.057775006678251056,0.4222249933217489,0.6569716775599128,0.15511326378239554,0.5460103331027851,0.7679330220170405,0.42389151970034317,0.18638877625366865,0.2905570214085658,0.5572260179921205,0.23235457668495235,0.2939143931944981,0.02210088574389585,0.44260826762600886,0.05827358329999992,0.00837521670000001
ar6,SVM,10,0.8714285714285716,0.024743582965269705,0.8537280784754704,0.8891290643816727,0.5666666666666667,0.08606629658238703,0.5050985470336155,0.6282347862997179,0.4,0.5163977794943223,0.030591282201692604,0.7694087177983074,0.13333333333333333,0.17213259316477408,0.010197094067230891,0.25646957259943576,0.2,0.25819888974716115,0.015295641100846302,0.3847043588991537,0.588235294117647,0.260380233645832,0.40197049579624355,0.7745000924390504,0.38859525951631213,0.20555864553229428,0.24154746284917622,0.535643056183448,0.21844747250910007,0.28201447434961574,0.01670647069443093,0.4201884743237692,0.0041381292000001405,0.002037887599999877
kc1,Random Forest,10,0.8594156319302947,0.010069918760591007,0.8522120460021644,0.866619217858425,0.6330169934713887,0.02045463389330786,0.6183846298563478,0.6476493570864297,0.5924127324760529,0.07624167309874548,0.5378727251007599,0.6469527398513458,0.3052913752913753,0.04173095328113392,0.2754388496682394,0.3351439009145112,0.40091745032074727,0.043641350274326446,0.3696983090153517,0.4321365916261428,0.8241213465428601,0.018545494736815858,0.8108546988079084,0.8373879942778117,0.4920556749377233,0.045854803299709986,0.45925312472453883,0.5248582251509077,0.35486783465880395,0.04962842635267264,0.31936579713408586,0.39036987218352204,0.17631147070000006,0.013502858299999776
kc1,Logistic Regression,10,0.8560930305861693,0.0055896903074066865,0.8520944070224298,0.8600916541499087,0.5914699345598222,0.014003329383704332,0.5814525561783599,0.6014873129412845,0.603056259472668,0.06379821419128058,0.5574177663612122,0.6486947525841239,0.20846153846153848,0.02971924877979948,0.18720166860612336,0.2297214083169536,0.3085152592698299,0.034957980092442616,0.2835078267912982,0.33352269174836163,0.8010282496749781,0.01986143382865479,0.7868202358228195,0.8152362635271367,0.46843769286483317,0.037500615341685445,0.4416113687013462,0.4952640170283201,0.2936511436449787,0.03588435332643084,0.26798102367599075,0.3193212636139666,0.021114483400000238,0.002215370800000471
kc1,SVM,10,0.8487436818227871,0.004841701918236272,0.8452801369188399,0.8522072267267344,0.5539140755697266,0.011289347004774356,0.5458381632257625,0.5619899879136907,0.5514574314574315,0.07933584855685828,0.4947039842998379,0.6082108786150252,0.12717948717948718,0.024240979774869106,0.1098385348896109,0.14452043946936347,0.20556154429461113,0.033077214901575,0.18189953018390903,0.22922355840531322,0.7061754669652885,0.028691994391911283,0.685650450630456,0.726700483300121,0.4105972387587741,0.03420726107950643,0.386126838310603,0.43506763920694513,0.20977752886189932,0.03649496718225575,0.18367060205425484,0.2358844556695438,0.17802004170000033,0.022013108400000193
kc2,Random Forest,10,0.8362912087912088,0.03283389687319802,0.8128032539124576,0.85977916366996,0.7057854795806603,0.05861545156764656,0.6638545115041192,0.7477164476572014,0.6428789543789544,0.12089720202704908,0.5563943059942373,0.7293636027636714,0.48506493506493503,0.12632836878438097,0.39469506403278626,0.5754348060970838,0.5437423111116451,0.10250644801670669,0.4704136156145592,0.6170710066087309,0.8174229385072758,0.06356106326141574,0.7719540929512603,0.8628917840632913,0.6218211355584545,0.09909782191337649,0.550930824284318,0.692711446832591,0.45952207259667865,0.11536996518746795,0.3769913712561891,0.5420527739371682,0.07663975829999999,0.008590779200000042
kc2,Logistic Regression,10,0.8353021978021978,0.029509046071366677,0.8141926979059176,0.856411697698478,0.6722565587023418,0.04526864621659495,0.6398733200065576,0.704639797398126,0.6830320170026052,0.12720797717610224,0.5920329120328733,0.774031121972337,0.3963203463203463,0.09445020414852583,0.3287547405106898,0.4638859521300028,0.49376191925184265,0.08974309680094784,0.42956357519050453,0.5579602633131808,0.8314270067282115,0.04397035928738166,0.7999725065531944,0.8628815069032285,0.6152131821363864,0.09656169227415326,0.54613710871415,0.6842892555586229,0.4298824347875665,0.10204285771207937,0.356885371816445,0.502879497758688,0.008039650100000096,0.0018822831999999678
kc2,SVM,10,0.8467216117216116,0.025659653678800805,0.8283658012572124,0.8650774221860109,0.6496831481771241,0.05766532789038083,0.6084318576346582,0.69093443871959,0.8433394383394383,0.15164658329992042,0.7348580077063042,0.9518208689725723,0.31623376623376626,0.11676035275285578,0.2327084415463762,0.3997590909211563,0.448761483727001,0.12767018146225892,0.3574317377291895,0.5400912297248124,0.7884916288530747,0.06332595025062225,0.743190973013018,0.8337922846931314,0.6288940753419124,0.09379033076400448,0.5618005145149512,0.6959876361688737,0.44925768612329,0.12153068790434952,0.3623198692413999,0.53619550300518,0.014266275000000129,0.003292420800000073
kc3,Logistic Regression,10,0.9115981844242714,0.018030153600741373,0.8987001895299506,0.9244961793185923,0.594946452476573,0.05764564059499795,0.5537092453768194,0.6361836595763265,0.5661904761904761,0.37665867321734586,0.2967450931040424,0.8356358592769099,0.20555555555555555,0.11653431646335016,0.12219192748886733,0.2889191836222438,0.29350732600732604,0.16589452046967038,0.17483353512372332,0.41218111689092873,0.817218875502008,0.04651901303418785,0.7839411782682402,0.8504965727357758,0.45035227459724797,0.1261085103379041,0.3601396808231263,0.5405648683713696,0.30317658884840687,0.19781241724320384,0.16167011008323406,0.4446830676135797,0.009640499899999887,0.0019144167000002099
kc3,Random Forest,10,0.8941829909221214,0.02202920648772389,0.878424245927685,0.9099417359165578,0.5407295850066933,0.06587267072787811,0.4936071150856097,0.5878520549277769,0.23333333333333334,0.25531389540169014,0.05069277506294964,0.415973891603717,0.10555555555555556,0.13163136996285893,0.011392146007918297,0.1997189651031928,0.14216117216117213,0.1683266499758813,0.021747540639043425,0.26257480368330083,0.85985609103079,0.0400060433839107,0.8312374916148403,0.8884746904467397,0.3793154723265344,0.08949541098296458,0.315294312025606,0.4433366326274628,0.11255739227732897,0.17861696111950875,0.0,0.24033226894082035,0.07664359170000008,0.008405262400000169
kc3,SVM,10,0.9061395126612519,0.0051195670924544445,0.902477194985994,0.9098018303365099,0.5049531459170014,0.01566322268088754,0.49374835140219525,0.5161579404318074,0.05,0.15811388300841897,0.0,0.16310785814270495,0.01111111111111111,0.03513641844631533,0.0,0.03624619069837888,0.01818181818181818,0.05749595745760689,0.0,0.05931194841552906,0.6937583668005354,0.12179562137446803,0.6066310279311686,0.7808857056699021,0.34778600077580385,0.09859866156635096,0.2772527673031076,0.4183192342485001,0.020180650739923544,0.0638168210025207,0.0,0.06583245436229845,0.011916395800000146,0.002892691700000327
mc2,Logistic Regression,10,0.7174242424242424,0.07953818910222088,0.6605260495601621,0.7743224352883227,0.6383116883116883,0.09689322209454891,0.5689984527428907,0.7076249238804858,0.611111111111111,0.2325034131504744,0.444788188848059,0.7774340333741632,0.4136363636363637,0.1597892321604209,0.29933003290783244,0.5279426943648949,0.47924038036267136,0.1617187683172155,0.36355374261902296,0.5949270181063198,0.729947855175128,0.1043737826883171,0.6552833489249141,0.8046123614253418,0.6374920616141269,0.13566920046292744,0.5404401621330552,0.7345439610951985,0.31529788194685215,0.21736664829853247,0.1598031489549583,0.470792614938746,0.006405116600000227,0.0018029208999999825
mc2,Random Forest,10,0.7017992424242424,0.06107681296578885,0.6581075224734072,0.7454909623750776,0.6074242424242424,0.06017186682163636,0.5643798819471741,0.6504686029013107,0.6021428571428571,0.19006055843603079,0.46618172410964204,0.7381039901760722,0.33909090909090905,0.11892153890300818,0.25401956496588113,0.424162253215937,0.4180142569848453,0.10569669400248287,0.3424033969900328,0.4936251169796578,0.7103640299094844,0.10341665622932551,0.6363842106816143,0.7843438491373546,0.5983313345097055,0.08611295245377336,0.5367298392768532,0.6599328297425578,0.26599175464036573,0.15124512885906152,0.1577975072139397,0.37418600206679176,0.06471396670000011,0.00786369990000022
mc2,SVM,10,0.7174242424242425,0.04236670882342557,0.6871169246834079,0.7477315601650771,0.5913636363636364,0.05237473577650204,0.5538970074266011,0.6288302653006718,0.7666666666666667,0.26712922844825127,0.5755739283048733,0.9577594050284601,0.23272727272727273,0.10910774280894633,0.15467629541209332,0.31077825004245213,0.33724358974358976,0.12442227146435783,0.24823725859280543,0.4262499208943741,0.704056473829201,0.11530210220571525,0.6215743187413691,0.7865386289170329,0.5775667984252186,0.1310616445773749,0.4838109458666042,0.671322650983833,0.28930101326001556,0.14476253102631031,0.18574413696199316,0.39285788955803796,0.005930195799999716,0.002165916799999934
mw1,Logistic Regression,10,0.9305401234567903,0.02110263253362663,0.9154442095393263,0.9456360373742543,0.6165559845559845,0.08138104650255043,0.5583394909238268,0.6747724781881421,0.5916666666666667,0.3479436948915942,0.34276274163086495,0.8405705917024684,0.2452380952380952,0.1599358967076545,0.13082684701283676,0.35964934346335364,0.3369047619047619,0.20321774302259413,0.1915315460141854,0.4822779777953383,0.7700652080652082,0.11295365503968896,0.689263030875942,0.8508673852544744,0.41419887306580555,0.1467716348180331,0.3092047704955269,0.5191929756360842,0.34797255434748237,0.21918516935765872,0.19117692975725734,0.5047681789377074,0.007178495799999851,0.0018756957999997326
mw1,Random Forest,10,0.9094598765432099,0.02596672458558066,0.8908844007850176,0.9280353523014022,0.5845495495495496,0.09436401899874289,0.517045596881984,0.6520535022171152,0.3035714285714286,0.24853121063685304,0.12578291068871303,0.48135994645414415,0.19999999999999998,0.1892154040658489,0.06464345398212076,0.33535654601787923,0.23243589743589746,0.20413999558931653,0.08640294180265062,0.3784688530691443,0.7524686829686831,0.11771328003689788,0.6682616751677488,0.8366756907696173,0.3164325319713459,0.12184616004021624,0.22926903991841674,0.4035960240242751,0.2012036909885077,0.2113485313466002,0.050014059519224136,0.3523933224577913,0.0776302875999999,0.00822350839999988
mw1,SVM,10,0.9255709876543211,0.008113902788795282,0.9197666512598384,0.9313753240488039,0.5166666666666667,0.03513641844631534,0.4915315870793989,0.5418017462539345,0.2,0.42163702135578396,0.0,0.5016209550472133,0.03333333333333333,0.07027283689263066,0.0,0.08360349250786886,0.05714285714285714,0.12046772038736683,0.0,0.14332027287063231,0.778117546117546,0.10252419949634084,0.7047761519769123,0.8514589402581797,0.4061060276448158,0.1613058497497999,0.2907147740499789,0.5214972812396527,0.079040259304373,0.16663150214066513,0.0,0.19824125511590865,0.009416079200000382,0.002573062599999787
pc1,Random Forest,10,0.9368778280542986,0.005646652779692804,0.9328384559926272,0.9409172001159701,0.6327680749026781,0.05364425068754707,0.5943932897067715,0.6711428600985846,0.6505772005772006,0.20356928587902662,0.5049525060765243,0.7962018950778769,0.27958333333333335,0.11458880458318112,0.1976114406258064,0.3615552260408603,0.3684698634698635,0.10792529028890852,0.2912647617308965,0.4456749652088305,0.8463042989697168,0.042415963302035585,0.8159617466974577,0.8766468512419759,0.43024572982927073,0.08642037977127826,0.3684243143417518,0.49206714531678963,0.3845570732236919,0.09286720785454358,0.3181238747450896,0.4509902717022943,0.11268540410000014,0.009510775000000037
pc1,Logistic Regression,10,0.926509314744609,0.008521528786011713,0.920413380277957,0.9326052492112609,0.5528333274705689,0.05131274345295241,0.5161264020762915,0.5895402528648463,0.3675,0.21032199006802127,0.21704471192362995,0.51795528807637,0.11875,0.10401377668722897,0.04434302652886177,0.19315697347113822,0.1721706440013076,0.1318884005091198,0.07782336587735267,0.26651792212526254,0.8120862402873537,0.03845280852748103,0.7845787581525728,0.8395937224221345,0.26080540038495925,0.0611219965806037,0.2170813580232287,0.3045294427466898,0.1745643308717139,0.13754214359396597,0.07617260858733045,0.2729560531560974,0.010780137600000118,0.0018806418000014702
pc1,SVM,10,0.9301169948228771,0.002379965402780151,0.928414470135985,0.9318195195097693,0.5057325230992917,0.012763764685784905,0.4966018758849054,0.514863170313678,0.13333333333333333,0.32203059435976533,0.0,0.3637001429481212,0.012916666666666665,0.027248428429027825,0.0,0.03240901812070073,0.02287581699346405,0.048251055752396736,0.0,0.05739254294716947,0.5989491923064897,0.08415333449931497,0.5387495233104579,0.6591488613025215,0.2531714457768276,0.08523999757009539,0.19219442484863056,0.31414846670502466,0.03470991673990055,0.08293141806119027,0.0,0.09403547937337915,0.03367265840000009,0.005102833300000498
pc3,Random Forest,10,0.9008284181207504,0.005075895711887387,0.8971973410691751,0.9044594951723257,0.580686800965938,0.01955633668965561,0.5666970404591598,0.5946765614727163,0.5665265290265291,0.0902951046706313,0.501933302323453,0.6311197557296052,0.178125,0.04431676538788051,0.14642269582871464,0.20982730417128537,0.26614231049132425,0.04902947593526925,0.2310687362840403,0.3012158846986082,0.8430601804778851,0.03970413193991311,0.814657555498396,0.8714628054573742,0.43374837852409465,0.052682909395588055,0.39606129546040275,0.47143546158778654,0.27485637506066996,0.039569972264809114,0.2465497221312717,0.3031630279900682,0.1798564625000001,0.0111551917000007
pc3,Logistic Regression,10,0.8969935283034325,0.008218244382595856,0.8911145504292427,0.9028725061776223,0.5702448207930859,0.02731062963810951,0.5507079732745744,0.5897816683115974,0.515966810966811,0.12191235003762978,0.4287559694421247,0.6031776524914972,0.159375,0.0579039254570304,0.11795302704047925,0.20079697295952073,0.2365281542496891,0.07272862818090157,0.18450122781742295,0.28855508068195523,0.8181122108540926,0.02402042803592776,0.8009290317737957,0.8352953899343895,0.3650817490401589,0.054966184662797256,0.3257613092457965,0.4044021888345213,0.23932297963216698,0.06549446482605624,0.19247106191483723,0.28617489734949675,0.018489524899999665,0.0021372000000006606
pc3,SVM,10,0.8976325059392153,0.00016921365757164891,0.8975114577806839,0.8977535540977467,0.5,0.0,0.5,0.5,0.0,0.0,0.0,0.0,0.0,0.0,0.0,0.0,0.0,0.0,0.0,0.0,0.7004930176029486,0.05191859872659192,0.6633526894546437,0.7376333457512535,0.274733445348406,0.03880626334056791,0.24697311687212858,0.3024937738246834,0.0,0.0,0.0,0.0,0.08359582500000044,0.011239925200001366
pc4,Logistic Regression,10,0.9104999293885045,0.0138137673162351,0.9006181555411198,0.9203817032358893,0.6963516865079364,0.039038602922201224,0.6684251523074032,0.7242782207084697,0.7434507365699317,0.10273384543582753,0.6699593707586737,0.8169421023811896,0.41301587301587295,0.07590444546171139,0.3587171037596224,0.4673146422721235,0.5279623427236529,0.07956893109414535,0.47104215836334573,0.5848825270839602,0.911539558531746,0.01644904088068949,0.8997726235408602,0.9233064935226317,0.6553793879137473,0.06980471212529844,0.6054441050243871,0.7053146708031075,0.5102530041060268,0.08446353682205013,0.4498314297361728,0.5706745784758808,0.01598077059999987,0.0020821871999999074
pc4,Random Forest,10,0.9074024384503131,0.009489911734083133,0.9006137645541169,0.9141911123465093,0.6618117559523811,0.03151132736813906,0.6392699103027234,0.6843536016020387,0.7920318896789486,0.11390591168196136,0.7105485091243596,0.8735152702335375,0.3369047619047619,0.06343940717743185,0.29152294386857974,0.382286579940944,0.4680917745262917,0.06672310978653674,0.42036093715147443,0.5158226119011089,0.9425206163194444,0.012177602855294801,0.9338092840185259,0.9512319486203629,0.689453049017089,0.06480639441892308,0.6430933472173082,0.7358127508168699,0.47551383239014733,0.06541050321471284,0.42872197719133,0.5223056875889647,0.1455625666000003,0.010489324799999977
pc4,SVM,10,0.8991914983759356,0.013618989287372528,0.8894490603366324,0.9089339364152388,0.6090240575396826,0.0345836525364864,0.5842844028634059,0.6337637122159593,0.8473051948051948,0.19751210045248674,0.7060135497302458,0.9885968398801439,0.22507936507936507,0.066591248177709,0.1774428558170575,0.27271587434167266,0.3504987587595208,0.09096791029992408,0.28542423590314225,0.41557328161589935,0.8873006572420635,0.028872322012377657,0.86664664229859,0.907954672185537,0.6207884785003441,0.07691355210585439,0.5657678378373272,0.6758091191633611,0.39997122874453694,0.10260661310993943,0.32657087945626806,0.47337157803280583,0.06220703329999999,0.010184858400000251
