train_dataset,test_dataset,model,n_features,train_size,test_size,seconds,accuracy,balanced_accuracy,precision,recall,f1,roc_auc,pr_auc,mcc
ar1,ar3,Random Forest,58,121,63,0.075007292,0.8412698412698413,0.8022727272727272,0.42857142857142855,0.75,0.5454545454545454,0.7727272727272726,0.2945943937015365,0.48416483186574427
ar1,ar3,SVM,58,121,63,0.012910499999999825,0.873015873015873,0.5,0.0,0.0,0.0,0.6954545454545455,0.2327205882352941,0.0
ar1,ar3,Logistic Regression,58,121,63,0.033173584000000034,0.47619047619047616,0.5931818181818181,0.16216216216216217,0.75,0.26666666666666666,0.7113636363636364,0.42956349206349204,0.12603755744009754
ar3,ar1,Random Forest,58,63,121,0.06832454099999996,0.9256198347107438,0.5,0.0,0.0,0.0,0.714781746031746,0.20705894356518242,0.0
ar3,ar1,SVM,58,63,121,0.010423708999999892,0.9256198347107438,0.5,0.0,0.0,0.0,0.35962301587301587,0.07012620240112873,0.0
ar3,ar1,Logistic Regression,58,63,121,0.011200624999999853,0.9256198347107438,0.5,0.0,0.0,0.0,0.35763888888888884,0.06998013039515016,0.0
ar1,ar4,Random Forest,58,121,107,0.07063212500000038,0.8411214953271028,0.7097701149425287,0.5882352941176471,0.5,0.5405405405405406,0.7922413793103447,0.4816385655383693,0.4474067382396943
ar1,ar4,SVM,58,121,107,0.011226624999999935,0.8130841121495327,0.5,0.0,0.0,0.0,0.6264367816091954,0.27118759915592316,0.0
ar1,ar4,Logistic Regression,58,121,107,0.011163541999999804,0.5607476635514018,0.710632183908046,0.2923076923076923,0.95,0.4470588235294118,0.821551724137931,0.48672384581622097,0.33631638558381227
ar4,ar1,Random Forest,58,107,121,0.07264125000000021,0.9173553719008265,0.5466269841269841,0.3333333333333333,0.1111111111111111,0.16666666666666666,0.7470238095238095,0.2105069154479449,0.15736058322268526
ar4,ar1,SVM,58,107,121,0.011911457999999708,0.9256198347107438,0.5,0.0,0.0,0.0,0.5778769841269842,0.14891902439651672,0.0
ar4,ar1,Logistic Regression,58,107,121,0.011097459000000143,0.9008264462809917,0.48660714285714285,0.0,0.0,0.0,0.7723214285714286,0.16568832987372945,-0.04519931645757981
ar1,ar5,Random Forest,58,121,36,0.06964166699999996,0.8611111111111112,0.8660714285714286,0.6363636363636364,0.875,0.7368421052631579,0.8794642857142858,0.6156565656565657,0.6607748305008119
ar1,ar5,SVM,58,121,36,0.011232374999999628,0.7777777777777778,0.5,0.0,0.0,0.0,0.46205357142857145,0.2475320512820513,0.0
ar1,ar5,Logistic Regression,58,121,36,0.010723207999999929,0.7222222222222222,0.8214285714285714,0.4444444444444444,1.0,0.6153846153846154,0.9241071428571428,0.78125,0.5345224838248488
ar5,ar1,Random Forest,58,36,121,0.06643908300000012,0.9256198347107438,0.5,0.0,0.0,0.0,0.7083333333333334,0.2887837075448484,0.0
ar5,ar1,SVM,58,36,121,0.00985766599999982,0.9256198347107438,0.5,0.0,0.0,0.0,0.6086309523809523,0.15333785111130957,0.0
ar5,ar1,Logistic Regression,58,36,121,0.010445332999999835,0.9256198347107438,0.5,0.0,0.0,0.0,0.7197420634920635,0.23438971474010992,0.0
ar1,ar6,Random Forest,58,121,101,0.07175154199999989,0.8316831683168316,0.4883720930232558,0.0,0.0,0.0,0.6329457364341086,0.2554857323597081,-0.05935998799503724
ar1,ar6,SVM,58,121,101,0.011390583000000287,0.8514851485148515,0.5,0.0,0.0,0.0,0.5945736434108527,0.19091285007963651,0.0
ar1,ar6,Logistic Regression,58,121,101,0.011516625000000058,0.8316831683168316,0.4883720930232558,0.0,0.0,0.0,0.4790697674418605,0.15087989861317264,-0.05935998799503724
ar6,ar1,Random Forest,58,101,121,0.07066283400000017,0.8925619834710744,0.6354166666666666,0.3,0.3333333333333333,0.3157894736842105,0.7237103174603176,0.3096135834210971,0.25808983002117764
ar6,ar1,SVM,58,101,121,0.01084733300000007,0.9256198347107438,0.5,0.0,0.0,0.0,0.6810515873015873,0.2211515811497071,0.0
ar6,ar1,Logistic Regression,58,101,121,0.01490079100000008,0.8677685950413223,0.5198412698412699,0.1111111111111111,0.1111111111111111,0.1111111111111111,0.6770833333333334,0.12703426545638902,0.03968253968253968
ar1,kc1,Random Forest,30,121,2109,0.06892987499999981,0.8454243717401612,0.5,0.0,0.0,0.0,0.5,0.15457562825983878,0.0
ar1,kc1,SVM,30,121,2109,0.013075291999999905,0.8454243717401612,0.5,0.0,0.0,0.0,0.5,0.15457562825983878,0.0
ar1,kc1,Logistic Regression,30,121,2109,0.009416625000000067,0.8454243717401612,0.5,0.0,0.0,0.0,0.5,0.15457562825983878,0.0
ar1,kc2,Random Forest,30,121,522,0.06520562499999993,0.7950191570881227,0.5,0.0,0.0,0.0,0.5,0.2049808429118774,0.0
ar1,kc2,SVM,30,121,522,0.009793667000000283,0.7950191570881227,0.5,0.0,0.0,0.0,0.5,0.2049808429118774,0.0
ar1,kc2,Logistic Regression,30,121,522,0.008587917000000278,0.7950191570881227,0.5,0.0,0.0,0.0,0.5,0.2049808429118774,0.0
ar1,kc3,Random Forest,30,121,458,0.06541304099999978,0.9061135371179039,0.5,0.0,0.0,0.0,0.5,0.09388646288209607,0.0
ar1,kc3,SVM,30,121,458,0.009775292000000046,0.9061135371179039,0.5,0.0,0.0,0.0,0.5,0.09388646288209607,0.0
ar1,kc3,Logistic Regression,30,121,458,0.008721250000000236,0.9061135371179039,0.5,0.0,0.0,0.0,0.5,0.09388646288209607,0.0
ar1,mc2,Random Forest,30,121,161,0.06469704200000015,0.6770186335403726,0.5,0.0,0.0,0.0,0.5,0.32298136645962733,0.0
ar1,mc2,SVM,30,121,161,0.008767250000000004,0.6770186335403726,0.5,0.0,0.0,0.0,0.5,0.32298136645962733,0.0
ar1,mc2,Logistic Regression,30,121,161,0.008614708000000082,0.6770186335403726,0.5,0.0,0.0,0.0,0.5,0.32298136645962733,0.0
ar1,mw1,Random Forest,30,121,403,0.06454895800000005,0.9230769230769231,0.5,0.0,0.0,0.0,0.5,0.07692307692307693,0.0
ar1,mw1,SVM,30,121,403,0.009342624999999938,0.9230769230769231,0.5,0.0,0.0,0.0,0.5,0.07692307692307693,0.0
ar1,mw1,Logistic Regression,30,121,403,0.00867929200000006,0.9230769230769231,0.5,0.0,0.0,0.0,0.5,0.07692307692307693,0.0
ar1,pc1,Random Forest,30,121,1109,0.06626037500000015,0.9305680793507665,0.5,0.0,0.0,0.0,0.5,0.06943192064923355,0.0
ar1,pc1,SVM,30,121,1109,0.010846499999999981,0.9305680793507665,0.5,0.0,0.0,0.0,0.5,0.06943192064923355,0.0
ar1,pc1,Logistic Regression,30,121,1109,0.009188124999999658,0.9305680793507665,0.5,0.0,0.0,0.0,0.5,0.06943192064923355,0.0
ar1,pc3,Random Forest,30,121,1563,0.06702645900000004,0.8976327575175944,0.5,0.0,0.0,0.0,0.5,0.10236724248240563,0.0
ar1,pc3,SVM,30,121,1563,0.011757165999999764,0.8976327575175944,0.5,0.0,0.0,0.0,0.5,0.10236724248240563,0.0
ar1,pc3,Logistic Regression,30,121,1563,0.009199124999999864,0.8976327575175944,0.5,0.0,0.0,0.0,0.5,0.10236724248240563,0.0
ar1,pc4,Random Forest,30,121,1458,0.06731204099999966,0.877914951989026,0.5,0.0,0.0,0.0,0.5,0.12208504801097393,0.0
ar1,pc4,SVM,30,121,1458,0.011850749999999799,0.877914951989026,0.5,0.0,0.0,0.0,0.5,0.12208504801097393,0.0
ar1,pc4,Logistic Regression,30,121,1458,0.008996916000000077,0.877914951989026,0.5,0.0,0.0,0.0,0.5,0.12208504801097393,0.0
ar3,ar4,Random Forest,58,63,107,0.06936979200000071,0.822429906542056,0.5442528735632184,0.6666666666666666,0.1,0.17391304347826086,0.7350574712643678,0.4155266624561057,0.20901083472001306
ar3,ar4,SVM,58,63,107,0.010427041999999886,0.8130841121495327,0.5192528735632184,0.5,0.05,0.09090909090909091,0.614367816091954,0.4341441769096723,0.11083847229342056
ar3,ar4,Logistic Regression,58,63,107,0.011104375000000388,0.8130841121495327,0.5577586206896552,0.5,0.15,0.23076923076923078,0.7499999999999999,0.470237674664988,0.1957424956822352
ar4,ar3,Random Forest,58,107,63,0.07197862499999985,0.7936507936507936,0.775,0.35294117647058826,0.75,0.48,0.8306818181818182,0.4100468975468975,0.4125586062374201
ar4,ar3,SVM,58,107,63,0.01118858300000003,0.8571428571428571,0.6511363636363636,0.42857142857142855,0.375,0.4,0.7931818181818182,0.42454481792717086,0.32024493467004
ar4,ar3,Logistic Regression,58,107,63,0.011504707999999475,0.7619047619047619,0.7568181818181818,0.3157894736842105,0.75,0.4444444444444444,0.8204545454545455,0.5758089133089133,0.37263098301105146
ar3,ar5,Random Forest,58,63,36,0.0676635000000001,0.8055555555555556,0.5625,1.0,0.125,0.2222222222222222,0.78125,0.6307748538011696,0.31622776601683794
ar3,ar5,SVM,58,63,36,0.010072375000000022,0.8055555555555556,0.5625,1.0,0.125,0.2222222222222222,0.6830357142857143,0.5689996159754225,0.31622776601683794
ar3,ar5,Logistic Regression,58,63,36,0.010838582999999957,0.8333333333333334,0.625,1.0,0.25,0.4,0.9375,0.8005952380952381,0.4537426064865151
ar5,ar3,Random Forest,58,36,63,0.0664040840000002,0.873015873015873,0.8204545454545454,0.5,0.75,0.6,0.8454545454545453,0.7234920634920635,0.5434343158238844
ar5,ar3,SVM,58,36,63,0.009830709000000049,0.873015873015873,0.553409090909091,0.5,0.125,0.2,0.7977272727272727,0.5000960401891252,0.2028577500763056
ar5,ar3,Logistic Regression,58,36,63,0.010155957999999465,0.7936507936507936,0.775,0.35294117647058826,0.75,0.48,0.825,0.6520974310776942,0.4125586062374201
ar3,ar6,Random Forest,58,63,101,0.06752554100000019,0.8514851485148515,0.5,0.0,0.0,0.0,0.7003875968992248,0.5094570326597877,0.0
ar3,ar6,SVM,58,63,101,0.010302208999999785,0.8514851485148515,0.5,0.0,0.0,0.0,0.3434108527131783,0.23564572151310897,0.0
ar3,ar6,Logistic Regression,58,63,101,0.010896415999999576,0.8712871287128713,0.5666666666666667,1.0,0.13333333333333333,0.23529411764705882,0.5356589147286822,0.2823730735562213,0.3403305978382135
ar6,ar3,Random Forest,58,101,63,0.0709385840000003,0.7777777777777778,0.7659090909090909,0.3333333333333333,0.75,0.46153846153846156,0.8556818181818182,0.4354427736006683,0.3919647479510927
ar6,ar3,SVM,58,101,63,0.01038262500000009,0.873015873015873,0.5,0.0,0.0,0.0,0.8159090909090908,0.7046401515151515,0.0
ar6,ar3,Logistic Regression,58,101,63,0.014508417000000051,0.8571428571428571,0.4909090909090909,0.0,0.0,0.0,0.22045454545454546,0.10817021540070287,-0.04843594796964828
ar3,kc1,Random Forest,30,63,2109,0.06801408300000045,0.8454243717401612,0.5,0.0,0.0,0.0,0.5,0.15457562825983878,0.0
ar3,kc1,SVM,30,63,2109,0.011806374999999925,0.8454243717401612,0.5,0.0,0.0,0.0,0.5,0.15457562825983878,0.0
ar3,kc1,Logistic Regression,30,63,2109,0.01016174999999997,0.8454243717401612,0.5,0.0,0.0,0.0,0.5,0.15457562825983878,0.0
ar3,kc2,Random Forest,30,63,522,0.06510716699999985,0.7950191570881227,0.5,0.0,0.0,0.0,0.5,0.2049808429118774,0.0
ar3,kc2,SVM,30,63,522,0.009474249999999351,0.7950191570881227,0.5,0.0,0.0,0.0,0.5,0.2049808429118774,0.0
ar3,kc2,Logistic Regression,30,63,522,0.008695915999999748,0.7950191570881227,0.5,0.0,0.0,0.0,0.5,0.2049808429118774,0.0
ar3,kc3,Random Forest,30,63,458,0.06968416600000005,0.9061135371179039,0.5,0.0,0.0,0.0,0.5,0.09388646288209607,0.0
ar3,kc3,SVM,30,63,458,0.0093022920000001,0.9061135371179039,0.5,0.0,0.0,0.0,0.5,0.09388646288209607,0.0
ar3,kc3,Logistic Regression,30,63,458,0.008544665999999701,0.9061135371179039,0.5,0.0,0.0,0.0,0.5,0.09388646288209607,0.0
ar3,mc2,Random Forest,30,63,161,0.06407041699999994,0.6770186335403726,0.5,0.0,0.0,0.0,0.5,0.32298136645962733,0.0
ar3,mc2,SVM,30,63,161,0.008556375000000394,0.6770186335403726,0.5,0.0,0.0,0.0,0.5,0.32298136645962733,0.0
ar3,mc2,Logistic Regression,30,63,161,0.008722500000000188,0.6770186335403726,0.5,0.0,0.0,0.0,0.5,0.32298136645962733,0.0
ar3,mw1,Random Forest,30,63,403,0.0653439579999997,0.9230769230769231,0.5,0.0,0.0,0.0,0.5,0.07692307692307693,0.0
ar3,mw1,SVM,30,63,403,0.008919333999999779,0.9230769230769231,0.5,0.0,0.0,0.0,0.5,0.07692307692307693,0.0
ar3,mw1,Logistic Regression,30,63,403,0.009041665999999893,0.9230769230769231,0.5,0.0,0.0,0.0,0.5,0.07692307692307693,0.0
ar3,pc1,Random Forest,30,63,1109,0.06651512500000045,0.9305680793507665,0.5,0.0,0.0,0.0,0.5,0.06943192064923355,0.0
ar3,pc1,SVM,30,63,1109,0.01008462500000018,0.9305680793507665,0.5,0.0,0.0,0.0,0.5,0.06943192064923355,0.0
ar3,pc1,Logistic Regression,30,63,1109,0.008983457999999445,0.9305680793507665,0.5,0.0,0.0,0.0,0.5,0.06943192064923355,0.0
ar3,pc3,Random Forest,30,63,1563,0.06730837500000053,0.8976327575175944,0.5,0.0,0.0,0.0,0.5,0.10236724248240563,0.0
ar3,pc3,SVM,30,63,1563,0.01116504100000082,0.8976327575175944,0.5,0.0,0.0,0.0,0.5,0.10236724248240563,0.0
ar3,pc3,Logistic Regression,30,63,1563,0.009116458999999466,0.8976327575175944,0.5,0.0,0.0,0.0,0.5,0.10236724248240563,0.0
ar3,pc4,Random Forest,30,63,1458,0.06714837500000037,0.877914951989026,0.5,0.0,0.0,0.0,0.5,0.12208504801097393,0.0
ar3,pc4,SVM,30,63,1458,0.011091207999999853,0.877914951989026,0.5,0.0,0.0,0.0,0.5,0.12208504801097393,0.0
ar3,pc4,Logistic Regression,30,63,1458,0.008873624999999663,0.877914951989026,0.5,0.0,0.0,0.0,0.5,0.12208504801097393,0.0
ar4,ar5,Random Forest,58,107,36,0.07179795800000033,0.8611111111111112,0.8660714285714286,0.6363636363636364,0.875,0.7368421052631579,0.9084821428571429,0.7686011904761905,0.6607748305008119
ar4,ar5,SVM,58,107,36,0.010931667000000367,0.8611111111111112,0.7767857142857143,0.7142857142857143,0.625,0.6666666666666666,0.8883928571428572,0.6542478354978355,0.5814999169501999
ar4,ar5,Logistic Regression,58,107,36,0.01127637500000045,0.8888888888888888,0.8839285714285714,0.7,0.875,0.7777777777777778,0.9107142857142856,0.7885912698412698,0.7127180599416806
ar5,ar4,Random Forest,58,36,107,0.06647420799999981,0.8598130841121495,0.6442528735632184,0.8571428571428571,0.3,0.4444444444444444,0.8189655172413793,0.5935203761015269,0.45486243612370053
ar5,ar4,SVM,58,36,107,0.010083999999999982,0.8504672897196262,0.6192528735632183,0.8333333333333334,0.25,0.38461538461538464,0.8224137931034482,0.6411039807182608,0.40414495377177917
ar5,ar4,Logistic Regression,58,36,107,0.01029512499999985,0.8411214953271028,0.7290229885057471,0.5789473684210527,0.55,0.5641025641025641,0.8459770114942529,0.6010804202058188,0.4672674841259427
ar4,ar6,Random Forest,58,107,101,0.07286841599999949,0.8613861386138614,0.5608527131782945,0.6666666666666666,0.13333333333333333,0.2222222222222222,0.6534883720930232,0.31288278172339756,0.2549359792782484
ar4,ar6,SVM,58,107,101,0.011778750000000393,0.8514851485148515,0.5,0.0,0.0,0.0,0.6038759689922482,0.3577913042693899,0.0
ar4,ar6,Logistic Regression,58,107,101,0.011388750000000059,0.8514851485148515,0.5825581395348838,0.5,0.2,0.2857142857142857,0.6604651162790698,0.3671193236274588,0.24839755713216846
ar6,ar4,Random Forest,58,101,107,0.07059425000000008,0.8598130841121495,0.6635057471264367,0.7777777777777778,0.35,0.4827586206896552,0.7094827586206897,0.528238258764445,0.45930730185742985
ar6,ar4,SVM,58,101,107,0.010824416999999364,0.8130841121495327,0.5,0.0,0.0,0.0,0.8270114942528736,0.5624852801142483,0.0
ar6,ar4,Logistic Regression,58,101,107,0.014914667000000215,0.8130841121495327,0.5,0.0,0.0,0.0,0.18908045977011495,0.1181290965207534,0.0
ar4,kc1,Random Forest,30,107,2109,0.06852679200000011,0.8454243717401612,0.5,0.0,0.0,0.0,0.5,0.15457562825983878,0.0
ar4,kc1,SVM,30,107,2109,0.015725583000000043,0.8454243717401612,0.5,0.0,0.0,0.0,0.5,0.15457562825983878,0.0
ar4,kc1,Logistic Regression,30,107,2109,0.009582041999999902,0.8454243717401612,0.5,0.0,0.0,0.0,0.5,0.15457562825983878,0.0
ar4,kc2,Random Forest,30,107,522,0.06623225000000055,0.7950191570881227,0.5,0.0,0.0,0.0,0.5,0.2049808429118774,0.0
ar4,kc2,SVM,30,107,522,0.010669208000000374,0.7950191570881227,0.5,0.0,0.0,0.0,0.5,0.2049808429118774,0.0
ar4,kc2,Logistic Regression,30,107,522,0.00980354200000022,0.7950191570881227,0.5,0.0,0.0,0.0,0.5,0.2049808429118774,0.0
ar4,kc3,Random Forest,30,107,458,0.0664780829999998,0.9061135371179039,0.5,0.0,0.0,0.0,0.5,0.09388646288209607,0.0
ar4,kc3,SVM,30,107,458,0.010403249999999531,0.9061135371179039,0.5,0.0,0.0,0.0,0.5,0.09388646288209607,0.0
ar4,kc3,Logistic Regression,30,107,458,0.008685832999999477,0.9061135371179039,0.5,0.0,0.0,0.0,0.5,0.09388646288209607,0.0
ar4,mc2,Random Forest,30,107,161,0.06552116699999999,0.6770186335403726,0.5,0.0,0.0,0.0,0.5,0.32298136645962733,0.0
ar4,mc2,SVM,30,107,161,0.009381707999999378,0.6770186335403726,0.5,0.0,0.0,0.0,0.5,0.32298136645962733,0.0
ar4,mc2,Logistic Regression,30,107,161,0.008633416000000338,0.6770186335403726,0.5,0.0,0.0,0.0,0.5,0.32298136645962733,0.0
ar4,mw1,Random Forest,30,107,403,0.06601575000000004,0.9230769230769231,0.5,0.0,0.0,0.0,0.5,0.07692307692307693,0.0
ar4,mw1,SVM,30,107,403,0.010197624999999988,0.9230769230769231,0.5,0.0,0.0,0.0,0.5,0.07692307692307693,0.0
ar4,mw1,Logistic Regression,30,107,403,0.008679749999999764,0.9230769230769231,0.5,0.0,0.0,0.0,0.5,0.07692307692307693,0.0
ar4,pc1,Random Forest,30,107,1109,0.06698404199999963,0.9305680793507665,0.5,0.0,0.0,0.0,0.5,0.06943192064923355,0.0
ar4,pc1,SVM,30,107,1109,0.012553083000000242,0.9305680793507665,0.5,0.0,0.0,0.0,0.5,0.06943192064923355,0.0
ar4,pc1,Logistic Regression,30,107,1109,0.008969333999999662,0.9305680793507665,0.5,0.0,0.0,0.0,0.5,0.06943192064923355,0.0
ar4,pc3,Random Forest,30,107,1563,0.06765575000000013,0.8976327575175944,0.5,0.0,0.0,0.0,0.5,0.10236724248240563,0.0
ar4,pc3,SVM,30,107,1563,0.01404866699999996,0.8976327575175944,0.5,0.0,0.0,0.0,0.5,0.10236724248240563,0.0
ar4,pc3,Logistic Regression,30,107,1563,0.009097249999999946,0.8976327575175944,0.5,0.0,0.0,0.0,0.5,0.10236724248240563,0.0
ar4,pc4,Random Forest,30,107,1458,0.06747987500000008,0.877914951989026,0.5,0.0,0.0,0.0,0.5,0.12208504801097393,0.0
ar4,pc4,SVM,30,107,1458,0.013490707999999962,0.877914951989026,0.5,0.0,0.0,0.0,0.5,0.12208504801097393,0.0
ar4,pc4,Logistic Regression,30,107,1458,0.00916366600000007,0.877914951989026,0.5,0.0,0.0,0.0,0.5,0.12208504801097393,0.0
ar5,ar6,Random Forest,58,36,101,0.06666337500000008,0.8514851485148515,0.5,0.0,0.0,0.0,0.7193798449612404,0.32931166671787027,0.0
ar5,ar6,SVM,58,36,101,0.010069207999999996,0.8514851485148515,0.5,0.0,0.0,0.0,0.4976744186046512,0.3372207860979648,0.0
ar5,ar6,Logistic Regression,58,36,101,0.010129583999999525,0.8514851485148515,0.5,0.0,0.0,0.0,0.5627906976744186,0.2755570819173618,0.0
ar6,ar5,Random Forest,58,101,36,0.07008804099999999,0.8611111111111112,0.8660714285714286,0.6363636363636364,0.875,0.7368421052631579,0.8995535714285715,0.6837121212121212,0.6607748305008119
ar6,ar5,SVM,58,101,36,0.010400875000000198,0.7777777777777778,0.5,0.0,0.0,0.0,0.9151785714285714,0.712202380952381,0.0
ar6,ar5,Logistic Regression,58,101,36,0.014344499999999982,0.7777777777777778,0.5,0.0,0.0,0.0,0.1339285714285714,0.14605480146266886,0.0
ar5,kc1,Random Forest,30,36,2109,0.06759000000000004,0.8454243717401612,0.5,0.0,0.0,0.0,0.5,0.15457562825983878,0.0
ar5,kc1,SVM,30,36,2109,0.011913875000000296,0.8454243717401612,0.5,0.0,0.0,0.0,0.5,0.15457562825983878,0.0
ar5,kc1,Logistic Regression,30,36,2109,0.009237708000000566,0.8454243717401612,0.5,0.0,0.0,0.0,0.5,0.15457562825983878,0.0
ar5,kc2,Random Forest,30,36,522,0.06589358300000026,0.7950191570881227,0.5,0.0,0.0,0.0,0.5,0.2049808429118774,0.0
ar5,kc2,SVM,30,36,522,0.009356208999999893,0.7950191570881227,0.5,0.0,0.0,0.0,0.5,0.2049808429118774,0.0
ar5,kc2,Logistic Regression,30,36,522,0.008605083000000846,0.7950191570881227,0.5,0.0,0.0,0.0,0.5,0.2049808429118774,0.0
ar5,kc3,Random Forest,30,36,458,0.06475383400000023,0.9061135371179039,0.5,0.0,0.0,0.0,0.5,0.09388646288209607,0.0
ar5,kc3,SVM,30,36,458,0.009031208999999762,0.9061135371179039,0.5,0.0,0.0,0.0,0.5,0.09388646288209607,0.0
ar5,kc3,Logistic Regression,30,36,458,0.008603166999999523,0.9061135371179039,0.5,0.0,0.0,0.0,0.5,0.09388646288209607,0.0
ar5,mc2,Random Forest,30,36,161,0.06491316699999938,0.6770186335403726,0.5,0.0,0.0,0.0,0.5,0.32298136645962733,0.0
ar5,mc2,SVM,30,36,161,0.008451582999999374,0.6770186335403726,0.5,0.0,0.0,0.0,0.5,0.32298136645962733,0.0
ar5,mc2,Logistic Regression,30,36,161,0.008609915999999274,0.6770186335403726,0.5,0.0,0.0,0.0,0.5,0.32298136645962733,0.0
ar5,mw1,Random Forest,30,36,403,0.06459970800000026,0.9230769230769231,0.5,0.0,0.0,0.0,0.5,0.07692307692307693,0.0
ar5,mw1,SVM,30,36,403,0.00890941699999992,0.9230769230769231,0.5,0.0,0.0,0.0,0.5,0.07692307692307693,0.0
ar5,mw1,Logistic Regression,30,36,403,0.008621332999999787,0.9230769230769231,0.5,0.0,0.0,0.0,0.5,0.07692307692307693,0.0
ar5,pc1,Random Forest,30,36,1109,0.06548008399999983,0.9305680793507665,0.5,0.0,0.0,0.0,0.5,0.06943192064923355,0.0
ar5,pc1,SVM,30,36,1109,0.010357584000000308,0.9305680793507665,0.5,0.0,0.0,0.0,0.5,0.06943192064923355,0.0
ar5,pc1,Logistic Regression,30,36,1109,0.008859999999999424,0.9305680793507665,0.5,0.0,0.0,0.0,0.5,0.06943192064923355,0.0
ar5,pc3,Random Forest,30,36,1563,0.0664195000000003,0.8976327575175944,0.5,0.0,0.0,0.0,0.5,0.10236724248240563,0.0
ar5,pc3,SVM,30,36,1563,0.01097733299999959,0.8976327575175944,0.5,0.0,0.0,0.0,0.5,0.10236724248240563,0.0
ar5,pc3,Logistic Regression,30,36,1563,0.009227666999999329,0.8976327575175944,0.5,0.0,0.0,0.0,0.5,0.10236724248240563,0.0
ar5,pc4,Random Forest,30,36,1458,0.06604879200000013,0.877914951989026,0.5,0.0,0.0,0.0,0.5,0.12208504801097393,0.0
ar5,pc4,SVM,30,36,1458,0.010585958000000062,0.877914951989026,0.5,0.0,0.0,0.0,0.5,0.12208504801097393,0.0
ar5,pc4,Logistic Regression,30,36,1458,0.009095541999999845,0.877914951989026,0.5,0.0,0.0,0.0,0.5,0.12208504801097393,0.0
ar6,kc1,Random Forest,30,101,2109,0.06840175000000048,0.8454243717401612,0.5,0.0,0.0,0.0,0.5,0.15457562825983878,0.0
ar6,kc1,SVM,30,101,2109,0.014572750000000134,0.8454243717401612,0.5,0.0,0.0,0.0,0.5,0.15457562825983878,0.0
ar6,kc1,Logistic Regression,30,101,2109,0.00923312500000062,0.8454243717401612,0.5,0.0,0.0,0.0,0.5,0.15457562825983878,0.0
ar6,kc2,Random Forest,30,101,522,0.06535829199999998,0.7950191570881227,0.5,0.0,0.0,0.0,0.5,0.2049808429118774,0.0
ar6,kc2,SVM,30,101,522,0.010070708999999844,0.7950191570881227,0.5,0.0,0.0,0.0,0.5,0.2049808429118774,0.0
ar6,kc2,Logistic Regression,30,101,522,0.008729082999999527,0.7950191570881227,0.5,0.0,0.0,0.0,0.5,0.2049808429118774,0.0
ar6,kc3,Random Forest,30,101,458,0.06527833400000027,0.9061135371179039,0.5,0.0,0.0,0.0,0.5,0.09388646288209607,0.0
ar6,kc3,SVM,30,101,458,0.010116666000000052,0.9061135371179039,0.5,0.0,0.0,0.0,0.5,0.09388646288209607,0.0
ar6,kc3,Logistic Regression,30,101,458,0.008620999999999768,0.9061135371179039,0.5,0.0,0.0,0.0,0.5,0.09388646288209607,0.0
ar6,mc2,Random Forest,30,101,161,0.06560349999999993,0.6770186335403726,0.5,0.0,0.0,0.0,0.5,0.32298136645962733,0.0
ar6,mc2,SVM,30,101,161,0.00943266599999859,0.6770186335403726,0.5,0.0,0.0,0.0,0.5,0.32298136645962733,0.0
ar6,mc2,Logistic Regression,30,101,161,0.008512625000001606,0.6770186335403726,0.5,0.0,0.0,0.0,0.5,0.32298136645962733,0.0
ar6,mw1,Random Forest,30,101,403,0.06571570800000082,0.9230769230769231,0.5,0.0,0.0,0.0,0.5,0.07692307692307693,0.0
ar6,mw1,SVM,30,101,403,0.009747208000000285,0.9230769230769231,0.5,0.0,0.0,0.0,0.5,0.07692307692307693,0.0
ar6,mw1,Logistic Regression,30,101,403,0.00841649999999916,0.9230769230769231,0.5,0.0,0.0,0.0,0.5,0.07692307692307693,0.0
ar6,pc1,Random Forest,30,101,1109,0.0665201660000001,0.9305680793507665,0.5,0.0,0.0,0.0,0.5,0.06943192064923355,0.0
ar6,pc1,SVM,30,101,1109,0.01195566600000042,0.9305680793507665,0.5,0.0,0.0,0.0,0.5,0.06943192064923355,0.0
ar6,pc1,Logistic Regression,30,101,1109,0.008735083000001254,0.9305680793507665,0.5,0.0,0.0,0.0,0.5,0.06943192064923355,0.0
ar6,pc3,Random Forest,30,101,1563,0.0671501249999995,0.8976327575175944,0.5,0.0,0.0,0.0,0.5,0.10236724248240563,0.0
ar6,pc3,SVM,30,101,1563,0.013009750000000153,0.8976327575175944,0.5,0.0,0.0,0.0,0.5,0.10236724248240563,0.0
ar6,pc3,Logistic Regression,30,101,1563,0.00929991699999988,0.8976327575175944,0.5,0.0,0.0,0.0,0.5,0.10236724248240563,0.0
ar6,pc4,Random Forest,30,101,1458,0.06737616700000082,0.877914951989026,0.5,0.0,0.0,0.0,0.5,0.12208504801097393,0.0
ar6,pc4,SVM,30,101,1458,0.012688875000000266,0.877914951989026,0.5,0.0,0.0,0.0,0.5,0.12208504801097393,0.0
ar6,pc4,Logistic Regression,30,101,1458,0.00922279099999912,0.877914951989026,0.5,0.0,0.0,0.0,0.5,0.12208504801097393,0.0
kc1,kc2,Random Forest,50,2109,522,0.22577037499999975,0.7796934865900383,0.5770633937619637,0.43103448275862066,0.2336448598130841,0.30303030303030304,0.7677513793491724,0.4366176354171768,0.19797988908567987
kc1,kc2,SVM,50,2109,522,0.2988946670000008,0.8122605363984674,0.5871410877153473,0.6285714285714286,0.205607476635514,0.30985915492957744,0.7578313253012049,0.4869651485966694,0.28130043689425577
kc1,kc2,Logistic Regression,50,2109,522,0.029831166999999326,0.7988505747126436,0.5717711969372818,0.5263157894736842,0.18691588785046728,0.27586206896551724,0.7573809255714447,0.449545928350494,0.2230394280859031
kc2,kc1,Random Forest,50,522,2109,0.11521212499999933,0.8307254623044097,0.5990919694868716,0.4236453201970443,0.26380368098159507,0.32514177693761814,0.7526752319968069,0.3509618421009135,0.2429089185165594
kc2,kc1,SVM,50,522,2109,0.06172733300000033,0.8477951635846372,0.5578013549921034,0.5294117647058824,0.13803680981595093,0.21897810218978103,0.6136130599492824,0.322952424321724,0.21248964439103674
kc2,kc1,Logistic Regression,50,522,2109,0.016656375000000168,0.8482693219535324,0.5931746315749633,0.5214285714285715,0.22392638036809817,0.3133047210300429,0.7903332083171329,0.4138844079190498,0.2705984318917455
kc1,pc1,Random Forest,42,2109,1109,0.17471033299999839,0.6393146979260595,0.5898771770864795,0.10123456790123457,0.5324675324675324,0.17012448132780084,0.6305559750327192,0.12593454027476955,0.09489662982876076
kc1,pc1,SVM,42,2109,1109,0.2783324589999996,0.8494138863841298,0.5345124836403906,0.11206896551724138,0.16883116883116883,0.13471502590673576,0.6925463102788685,0.12184253975025794,0.05733077357311604
kc1,pc1,Logistic Regression,42,2109,1109,0.018080417000000182,0.8403967538322813,0.5356765327695561,0.109375,0.18181818181818182,0.13658536585365855,0.5087901439645626,0.11491312750258403,0.056762087541888384
pc1,kc1,Random Forest,42,1109,2109,0.1269450420000009,0.8444760550023708,0.5019457796709895,0.3333333333333333,0.006134969325153374,0.012048192771084338,0.6214710163128938,0.2261139985495395,0.026412704186205366
pc1,kc1,SVM,42,1109,2109,0.09353029100000043,0.8458985301090565,0.5015337423312883,1.0,0.003067484662576687,0.0061162079510703364,0.6500426660794346,0.3050784788424681,0.05093678949807377
pc1,kc1,Logistic Regression,42,1109,2109,0.014458416000000085,0.8458985301090565,0.5015337423312883,1.0,0.003067484662576687,0.0061162079510703364,0.7575061332489187,0.3681139854305482,0.05093678949807377
kc2,pc1,Random Forest,41,522,1109,0.09709662499999894,0.7980162308385933,0.6090493808517065,0.14492753623188406,0.38961038961038963,0.2112676056338028,0.6740473673613209,0.16123502891511185,0.1422820027103344
kc2,pc1,SVM,41,522,1109,0.037695207999998814,0.8412984670874661,0.6022601429578174,0.16778523489932887,0.3246753246753247,0.22123893805309736,0.7107746904258532,0.13866008467334304,0.15243786294838016
kc2,pc1,Logistic Regression,41,522,1109,0.011957082999998647,0.7808836789900812,0.6539250478203966,0.1598360655737705,0.5064935064935064,0.24299065420560748,0.7105796335447497,0.21086548167191038,0.18889546746652744
pc1,kc2,Random Forest,41,1109,522,0.11964270899999896,0.8026819923371648,0.5221596667042,0.8333333333333334,0.04672897196261682,0.08849557522123894,0.7985362008782795,0.5071268348246103,0.167845105308085
pc1,kc2,SVM,41,1109,522,0.06675783300000049,0.7931034482758621,0.4987951807228916,0.0,0.0,0.0,0.6886274068235558,0.4840982091606961,-0.022245848684362062
pc1,kc2,Logistic Regression,41,1109,522,0.013126749999999632,0.814176245210728,0.5536651278009233,0.8571428571428571,0.11214953271028037,0.19834710743801653,0.8384078369552979,0.5906723033590322,0.26818978173444974
kc3,mc2,Random Forest,69,458,161,0.096827459,0.6459627329192547,0.48712067748765,0.2222222222222222,0.038461538461538464,0.06557377049180328,0.6236767819336626,0.3776109487012003,-0.05243181435106829
kc3,mc2,SVM,69,458,161,0.02511658400000094,0.6770186335403726,0.5,0.0,0.0,0.0,0.6534050811573747,0.5142492262886926,0.0
kc3,mc2,Logistic Regression,69,458,161,0.01785787500000069,0.577639751552795,0.46683133380381087,0.25,0.15384615384615385,0.19047619047619047,0.44574805928016936,0.3347388609021485,-0.07773257952403748
mc2,kc3,Random Forest,69,161,458,0.08343275000000006,0.8864628820960698,0.5621182404034744,0.30434782608695654,0.16279069767441862,0.21212121212121213,0.7595404875315215,0.230864560264422,0.16592005021506245
mc2,kc3,SVM,69,161,458,0.018428874999999678,0.8995633187772926,0.5901933314653964,0.42857142857142855,0.20930232558139536,0.28125,0.7602970019613337,0.3060159362892276,0.25154305705721836
mc2,kc3,Logistic Regression,69,161,458,0.013210457999999647,0.851528384279476,0.5949565704679182,0.24489795918367346,0.27906976744186046,0.2608695652173913,0.7187727654805268,0.24007901097003503,0.17920643429321587
kc3,mw1,Random Forest,67,458,403,0.09922529199999985,0.8933002481389578,0.4986559139784946,0.07142857142857142,0.03225806451612903,0.044444444444444446,0.7402878945542837,0.1417514584544704,-0.003911745201346775
kc3,mw1,SVM,67,458,403,0.027465624999999605,0.9230769230769231,0.5,0.0,0.0,0.0,0.6732570239334026,0.28013384887819237,0.0
kc3,mw1,Logistic Regression,67,458,403,0.016775416999999848,0.8560794044665012,0.4932795698924731,0.06451612903225806,0.06451612903225806,0.06451612903225806,0.4585501214013181,0.08574686042190736,-0.013440860215053764
mw1,kc3,Random Forest,67,403,458,0.10038812500000027,0.9039301310043668,0.5300644438217988,0.42857142857142855,0.06976744186046512,0.12,0.808489773045671,0.3107787149875249,0.14295658165576494
mw1,kc3,SVM,67,403,458,0.023600874999999633,0.9061135371179039,0.5,0.0,0.0,0.0,0.5133090501541048,0.17020596296331075,0.0
mw1,kc3,Logistic Regression,67,403,458,0.013757708999998286,0.8908296943231441,0.533258615858784,0.26666666666666666,0.09302325581395349,0.13793103448275862,0.802773886242645,0.268325660124067,0.10900463127151318
kc3,pc3,Random Forest,67,458,1563,0.10767454099999973,0.8618042226487524,0.5631013898788311,0.25862068965517243,0.1875,0.21739130434782608,0.7666718638631504,0.25314581032520744,0.14594676986589444
kc3,pc3,SVM,67,458,1563,0.040965874999999485,0.8976327575175944,0.5,0.0,0.0,0.0,0.7757372594440484,0.26258675273208276,0.0
kc3,pc3,Logistic Regression,67,458,1563,0.017992916000000747,0.7492002559181062,0.6720331432644333,0.22115384615384615,0.575,0.3194444444444444,0.7467146293656451,0.22928469729506812,0.23599487558833243
pc3,kc3,Random Forest,67,1563,458,0.23375291700000034,0.9039301310043668,0.4987951807228916,0.0,0.0,0.0,0.7914261697954609,0.3040616914498245,-0.015057472525067499
pc3,kc3,SVM,67,1563,458,0.14846687499999867,0.9061135371179039,0.5,0.0,0.0,0.0,0.4169515270383861,0.1785724058033942,0.0
pc3,kc3,Logistic Regression,67,1563,458,0.027662042000001108,0.9039301310043668,0.4987951807228916,0.0,0.0,0.0,0.802717848136733,0.28437525772974326,-0.015057472525067499
kc3,pc4,Random Forest,67,458,1458,0.10668091700000026,0.8518518518518519,0.528686797752809,0.24324324324324326,0.10112359550561797,0.14285714285714285,0.7608036341292135,0.2366953709843932,0.08557425921225721
kc3,pc4,SVM,67,458,1458,0.040369958000001205,0.877914951989026,0.5,0.0,0.0,0.0,0.7730117626404495,0.29921206351796803,0.0
kc3,pc4,Logistic Regression,67,458,1458,0.01799587500000044,0.7997256515775034,0.7940396769662921,0.3553299492385787,0.7865168539325843,0.48951048951048953,0.8916322858146067,0.5203606056756143,0.4335428155466314
pc4,kc3,Random Forest,67,1458,458,0.186148042000001,0.9061135371179039,0.5,0.0,0.0,0.0,0.850126085738302,0.35676654254203816,0.0
pc4,kc3,SVM,67,1458,458,0.11609849999999966,0.9061135371179039,0.5,0.0,0.0,0.0,0.7105912020173719,0.2533304250225555,0.0
pc4,kc3,Logistic Regression,67,1458,458,0.025632958000000983,0.9061135371179039,0.5312692630989072,0.5,0.06976744186046512,0.12244897959183673,0.7266741384141215,0.24293431315856948,0.16042094704103682
mc2,mw1,Random Forest,67,161,403,0.0847009579999991,0.8734491315136477,0.6061827956989247,0.23684210526315788,0.2903225806451613,0.2608695652173913,0.6861775927852931,0.15602524343734694,0.1936414106394695
mc2,mw1,SVM,67,161,403,0.01742591600000054,0.9081885856079405,0.5658602150537635,0.3125,0.16129032258064516,0.2127659574468085,0.6945889698231009,0.2306992823767887,0.17975872670814821
mc2,mw1,Logistic Regression,67,161,403,0.012809916000000143,0.8138957816377171,0.5591397849462365,0.13333333333333333,0.25806451612903225,0.17582417582417584,0.6032778355879292,0.14054560819219525,0.08853996954298746
mw1,mc2,Random Forest,67,403,161,0.0977681669999999,0.6708074534161491,0.5004410726887791,0.3333333333333333,0.019230769230769232,0.03636363636363636,0.6694601270289344,0.48749439678377204,0.0030504640609095974
mw1,mc2,SVM,67,403,161,0.020047915999999333,0.6770186335403726,0.5,0.0,0.0,0.0,0.5833627381792519,0.46126459321821917,0.0
mw1,mc2,Logistic Regression,67,403,161,0.0137650830000009,0.6645962732919255,0.4958539167254764,0.25,0.019230769230769232,0.03571428571428571,0.49973535638673255,0.33839767847983837,-0.024911685661399795
mc2,pc3,Random Forest,67,161,1563,0.0930422919999998,0.8138195777351248,0.5419101924447612,0.1641025641025641,0.2,0.18028169014084508,0.611136849607983,0.14299269995380018,0.07689146281503469
mc2,pc3,SVM,67,161,1563,0.030080499999998622,0.854766474728087,0.5370322523164647,0.1981981981981982,0.1375,0.16236162361623616,0.6565751960085531,0.16449413026271253,0.0874085974709585
mc2,pc3,Logistic Regression,67,161,1563,0.014060584000000986,0.6922584772872681,0.6015547042052745,0.16352201257861634,0.4875,0.24489795918367346,0.6406339094796863,0.15284240666815713,0.13370411259674483
pc3,mc2,Random Forest,67,1563,161,0.232498875000001,0.6770186335403726,0.5050282286520819,0.5,0.019230769230769232,0.037037037037037035,0.654728299223712,0.4513477873626674,0.042456713669948465
pc3,mc2,SVM,67,1563,161,0.1414456659999992,0.6770186335403726,0.5,0.0,0.0,0.0,0.33036344389555394,0.257259631727048,0.0
pc3,mc2,Logistic Regression,67,1563,161,0.02885012499999995,0.6583850931677019,0.48623853211009177,0.0,0.0,0.0,0.46762526464361326,0.324001379146113,-0.09517447870037944
mc2,pc4,Random Forest,67,161,1458,0.09331933300000017,0.7880658436213992,0.4875219452247191,0.09815950920245399,0.0898876404494382,0.093841642228739,0.4677032127808989,0.1172532556104993,-0.02592765164101182
mc2,pc4,SVM,67,161,1458,0.02971862499999922,0.8196159122085048,0.5200008778089887,0.17054263565891473,0.12359550561797752,0.14332247557003258,0.46776027036516854,0.13721563423980274,0.04611441383494355
mc2,pc4,Logistic Regression,67,161,1458,0.014574709000001462,0.622085048010974,0.4195926966292135,0.06323185011709602,0.15168539325842698,0.08925619834710743,0.385718047752809,0.09768410659680235,-0.11569036968841832
pc4,mc2,Random Forest,67,1458,161,0.18552075000000023,0.6521739130434783,0.4967360621030346,0.3,0.057692307692307696,0.0967741935483871,0.5235532815808045,0.33374022618266375,-0.012647314830985546
pc4,mc2,SVM,67,1458,161,0.10529304099999948,0.6583850931677019,0.4912667607621736,0.2,0.019230769230769232,0.03508771929824561,0.4325158786167961,0.3109001914132503,-0.04708395895780798
pc4,mc2,Logistic Regression,67,1458,161,0.025758041999999648,0.6273291925465838,0.4683309809456599,0.1,0.019230769230769232,0.03225806451612903,0.33918489767113613,0.24541124536393027,-0.12271313579253544
mw1,pc3,Random Forest,67,403,1563,0.10598425000000056,0.8931541906589892,0.49750534568781185,0.0,0.0,0.0,0.7307377049180328,0.2239078925797262,-0.02265037410809458
mw1,pc3,SVM,67,403,1563,0.03534116600000026,0.8976327575175944,0.5,0.0,0.0,0.0,0.5239375445473984,0.17406413250905062,0.0
mw1,pc3,Logistic Regression,67,403,1563,0.014998083000000051,0.891234804862444,0.5268910370634355,0.34375,0.06875,0.11458333333333333,0.636241535994298,0.18831756301591868,0.11512344822241713
pc3,mw1,Random Forest,67,1563,403,0.23375841600000058,0.9255583126550868,0.5161290322580645,1.0,0.03225806451612903,0.0625,0.7754509191814083,0.33773161434609555,0.17277368511627203
pc3,mw1,SVM,67,1563,403,0.14705299999999966,0.9230769230769231,0.5,0.0,0.0,0.0,0.563735691987513,0.1306234906203853,0.0
pc3,mw1,Logistic Regression,67,1563,403,0.027991542000000535,0.9181141439205955,0.5120967741935484,0.25,0.03225806451612903,0.05714285714285714,0.7428026361429066,0.21868033079174135,0.065033247714309
mw1,pc4,Random Forest,67,403,1458,0.10614712499999968,0.8772290809327846,0.499609375,0.0,0.0,0.0,0.6500065835674157,0.1726516332751079,-0.009769565308361705
mw1,pc4,SVM,67,403,1458,0.03352545799999973,0.877914951989026,0.5,0.0,0.0,0.0,0.4676483497191012,0.1331315362261555,0.0
mw1,pc4,Logistic Regression,67,403,1458,0.014878625000001477,0.8607681755829903,0.492652738764045,0.037037037037037035,0.0056179775280898875,0.00975609756097561,0.5814782303370787,0.15412641849039083,-0.03568360837584077
pc4,mw1,Random Forest,67,1458,403,0.18599583399999986,0.9156327543424317,0.4959677419354839,0.0,0.0,0.0,0.674644467568505,0.1312980769184653,-0.025
pc4,mw1,SVM,67,1458,403,0.11572675000000032,0.9156327543424317,0.4959677419354839,0.0,0.0,0.0,0.5183836281651057,0.15828222902006753,-0.025
pc4,mw1,Logistic Regression,67,1458,403,0.027030625000000086,0.9081885856079405,0.5067204301075269,0.125,0.03225806451612903,0.05128205128205128,0.43045438779049605,0.07441361570251595,0.02567650093805503
pc3,pc4,Random Forest,67,1563,1458,0.25203720799999907,0.8669410150891632,0.5034234550561798,0.16666666666666666,0.02247191011235955,0.039603960396039604,0.7343113588483146,0.23650760657046982,0.01761689702759858
pc3,pc4,SVM,67,1563,1458,0.18521829200000006,0.877914951989026,0.5,0.0,0.0,0.0,0.5023481390449438,0.17988511044401218,0.0
pc3,pc4,Logistic Regression,67,1563,1458,0.029041042000001127,0.8758573388203018,0.5060832162921348,0.3333333333333333,0.016853932584269662,0.03208556149732621,0.7157083918539326,0.24704589339874264,0.050853727612784595
pc4,pc3,Random Forest,67,1458,1563,0.19831120800000157,0.8969929622520794,0.52732982893799,0.47619047619047616,0.0625,0.11049723756906077,0.7426674982181041,0.2360340383389362,0.14391428410811086
pc4,pc3,SVM,67,1458,1563,0.1544553749999995,0.8989123480486244,0.511787241625089,0.6666666666666666,0.025,0.04819277108433735,0.6121458481824662,0.20560924954066995,0.1155609430219573
pc4,pc3,Logistic Regression,67,1458,1563,0.026805291999998815,0.8880358285348688,0.5057287954383464,0.17391304347826086,0.025,0.04371584699453552,0.5907230042765502,0.14231584837590477,0.02884415754487503
