dataset,model,repeat,fold,true_clean_pred_clean,true_clean_pred_defect,true_defect_pred_clean,true_defect_pred_defect,plot
ar1,Random Forest,1,1,23,0,2,0,public_dataset_output/results/confusion_matrices/ar1/random_forest/repeat_01_fold_01.png
ar1,Random Forest,1,2,22,1,0,1,public_dataset_output/results/confusion_matrices/ar1/random_forest/repeat_01_fold_02.png
ar1,Random Forest,1,3,22,0,2,0,public_dataset_output/results/confusion_matrices/ar1/random_forest/repeat_01_fold_03.png
ar1,Random Forest,1,4,22,0,2,0,public_dataset_output/results/confusion_matrices/ar1/random_forest/repeat_01_fold_04.png
ar1,Random Forest,1,5,21,1,2,0,public_dataset_output/results/confusion_matrices/ar1/random_forest/repeat_01_fold_05.png
ar1,Random Forest,2,1,23,0,2,0,public_dataset_output/results/confusion_matrices/ar1/random_forest/repeat_02_fold_01.png
ar1,Random Forest,2,2,22,1,1,0,public_dataset_output/results/confusion_matrices/ar1/random_forest/repeat_02_fold_02.png
ar1,Random Forest,2,3,22,0,2,0,public_dataset_output/results/confusion_matrices/ar1/random_forest/repeat_02_fold_03.png
ar1,Random Forest,2,4,21,1,2,0,public_dataset_output/results/confusion_matrices/ar1/random_forest/repeat_02_fold_04.png
ar1,Random Forest,2,5,22,0,2,0,public_dataset_output/results/confusion_matrices/ar1/random_forest/repeat_02_fold_05.png
ar1,SVM,1,1,23,0,2,0,public_dataset_output/results/confusion_matrices/ar1/svm/repeat_01_fold_01.png
ar1,SVM,1,2,23,0,1,0,public_dataset_output/results/confusion_matrices/ar1/svm/repeat_01_fold_02.png
ar1,SVM,1,3,22,0,2,0,public_dataset_output/results/confusion_matrices/ar1/svm/repeat_01_fold_03.png
ar1,SVM,1,4,22,0,2,0,public_dataset_output/results/confusion_matrices/ar1/svm/repeat_01_fold_04.png
ar1,SVM,1,5,22,0,2,0,public_dataset_output/results/confusion_matrices/ar1/svm/repeat_01_fold_05.png
ar1,SVM,2,1,23,0,2,0,public_dataset_output/results/confusion_matrices/ar1/svm/repeat_02_fold_01.png
ar1,SVM,2,2,23,0,1,0,public_dataset_output/results/confusion_matrices/ar1/svm/repeat_02_fold_02.png
ar1,SVM,2,3,22,0,2,0,public_dataset_output/results/confusion_matrices/ar1/svm/repeat_02_fold_03.png
ar1,SVM,2,4,21,1,2,0,public_dataset_output/results/confusion_matrices/ar1/svm/repeat_02_fold_04.png
ar1,SVM,2,5,22,0,2,0,public_dataset_output/results/confusion_matrices/ar1/svm/repeat_02_fold_05.png
ar1,Logistic Regression,1,1,23,0,2,0,public_dataset_output/results/confusion_matrices/ar1/logistic_regression/repeat_01_fold_01.png
ar1,Logistic Regression,1,2,22,1,0,1,public_dataset_output/results/confusion_matrices/ar1/logistic_regression/repeat_01_fold_02.png
ar1,Logistic Regression,1,3,22,0,2,0,public_dataset_output/results/confusion_matrices/ar1/logistic_regression/repeat_01_fold_03.png
ar1,Logistic Regression,1,4,22,0,1,1,public_dataset_output/results/confusion_matrices/ar1/logistic_regression/repeat_01_fold_04.png
ar1,Logistic Regression,1,5,22,0,2,0,public_dataset_output/results/confusion_matrices/ar1/logistic_regression/repeat_01_fold_05.png
ar1,Logistic Regression,2,1,23,0,2,0,public_dataset_output/results/confusion_matrices/ar1/logistic_regression/repeat_02_fold_01.png
ar1,Logistic Regression,2,2,22,1,1,0,public_dataset_output/results/confusion_matrices/ar1/logistic_regression/repeat_02_fold_02.png
ar1,Logistic Regression,2,3,22,0,2,0,public_dataset_output/results/confusion_matrices/ar1/logistic_regression/repeat_02_fold_03.png
ar1,Logistic Regression,2,4,20,2,2,0,public_dataset_output/results/confusion_matrices/ar1/logistic_regression/repeat_02_fold_04.png
ar1,Logistic Regression,2,5,21,1,2,0,public_dataset_output/results/confusion_matrices/ar1/logistic_regression/repeat_02_fold_05.png
ar3,Random Forest,1,1,10,1,0,2,public_dataset_output/results/confusion_matrices/ar3/random_forest/repeat_01_fold_01.png
ar3,Random Forest,1,2,11,0,2,0,public_dataset_output/results/confusion_matrices/ar3/random_forest/repeat_01_fold_02.png
ar3,Random Forest,1,3,11,0,1,1,public_dataset_output/results/confusion_matrices/ar3/random_forest/repeat_01_fold_03.png
ar3,Random Forest,1,4,11,0,0,1,public_dataset_output/results/confusion_matrices/ar3/random_forest/repeat_01_fold_04.png
ar3,Random Forest,1,5,11,0,1,0,public_dataset_output/results/confusion_matrices/ar3/random_forest/repeat_01_fold_05.png
ar3,Random Forest,2,1,11,0,1,1,public_dataset_output/results/confusion_matrices/ar3/random_forest/repeat_02_fold_01.png
ar3,Random Forest,2,2,10,1,1,1,public_dataset_output/results/confusion_matrices/ar3/random_forest/repeat_02_fold_02.png
ar3,Random Forest,2,3,10,1,0,2,public_dataset_output/results/confusion_matrices/ar3/random_forest/repeat_02_fold_03.png
ar3,Random Forest,2,4,11,0,0,1,public_dataset_output/results/confusion_matrices/ar3/random_forest/repeat_02_fold_04.png
ar3,Random Forest,2,5,11,0,1,0,public_dataset_output/results/confusion_matrices/ar3/random_forest/repeat_02_fold_05.png
ar3,SVM,1,1,10,1,2,0,public_dataset_output/results/confusion_matrices/ar3/svm/repeat_01_fold_01.png
ar3,SVM,1,2,11,0,2,0,public_dataset_output/results/confusion_matrices/ar3/svm/repeat_01_fold_02.png
ar3,SVM,1,3,11,0,2,0,public_dataset_output/results/confusion_matrices/ar3/svm/repeat_01_fold_03.png
ar3,SVM,1,4,11,0,0,1,public_dataset_output/results/confusion_matrices/ar3/svm/repeat_01_fold_04.png
ar3,SVM,1,5,11,0,1,0,public_dataset_output/results/confusion_matrices/ar3/svm/repeat_01_fold_05.png
ar3,SVM,2,1,11,0,2,0,public_dataset_output/results/confusion_matrices/ar3/svm/repeat_02_fold_01.png
ar3,SVM,2,2,10,1,1,1,public_dataset_output/results/confusion_matrices/ar3/svm/repeat_02_fold_02.png
ar3,SVM,2,3,10,1,2,0,public_dataset_output/results/confusion_matrices/ar3/svm/repeat_02_fold_03.png
ar3,SVM,2,4,11,0,0,1,public_dataset_output/results/confusion_matrices/ar3/svm/repeat_02_fold_04.png
ar3,SVM,2,5,11,0,1,0,public_dataset_output/results/confusion_matrices/ar3/svm/repeat_02_fold_05.png
ar3,Logistic Regression,1,1,10,1,1,1,public_dataset_output/results/confusion_matrices/ar3/logistic_regression/repeat_01_fold_01.png
ar3,Logistic Regression,1,2,11,0,2,0,public_dataset_output/results/confusion_matrices/ar3/logistic_regression/repeat_01_fold_02.png
ar3,Logistic Regression,1,3,11,0,1,1,public_dataset_output/results/confusion_matrices/ar3/logistic_regression/repeat_01_fold_03.png
ar3,Logistic Regression,1,4,10,1,0,1,public_dataset_output/results/confusion_matrices/ar3/logistic_regression/repeat_01_fold_04.png
ar3,Logistic Regression,1,5,11,0,1,0,public_dataset_output/results/confusion_matrices/ar3/logistic_regression/repeat_01_fold_05.png
ar3,Logistic Regression,2,1,11,0,1,1,public_dataset_output/results/confusion_matrices/ar3/logistic_regression/repeat_02_fold_01.png
ar3,Logistic Regression,2,2,9,2,1,1,public_dataset_output/results/confusion_matrices/ar3/logistic_regression/repeat_02_fold_02.png
ar3,Logistic Regression,2,3,9,2,1,1,public_dataset_output/results/confusion_matrices/ar3/logistic_regression/repeat_02_fold_03.png
ar3,Logistic Regression,2,4,11,0,0,1,public_dataset_output/results/confusion_matrices/ar3/logistic_regression/repeat_02_fold_04.png
ar3,Logistic Regression,2,5,11,0,1,0,public_dataset_output/results/confusion_matrices/ar3/logistic_regression/repeat_02_fold_05.png
ar4,Random Forest,1,1,18,0,3,1,public_dataset_output/results/confusion_matrices/ar4/random_forest/repeat_01_fold_01.png
ar4,Random Forest,1,2,17,1,3,1,public_dataset_output/results/confusion_matrices/ar4/random_forest/repeat_01_fold_02.png
ar4,Random Forest,1,3,17,0,2,2,public_dataset_output/results/confusion_matrices/ar4/random_forest/repeat_01_fold_03.png
ar4,Random Forest,1,4,15,2,2,2,public_dataset_output/results/confusion_matrices/ar4/random_forest/repeat_01_fold_04.png
ar4,Random Forest,1,5,17,0,2,2,public_dataset_output/results/confusion_matrices/ar4/random_forest/repeat_01_fold_05.png
ar4,Random Forest,2,1,17,1,2,2,public_dataset_output/results/confusion_matrices/ar4/random_forest/repeat_02_fold_01.png
ar4,Random Forest,2,2,17,1,3,1,public_dataset_output/results/confusion_matrices/ar4/random_forest/repeat_02_fold_02.png
ar4,Random Forest,2,3,17,0,3,1,public_dataset_output/results/confusion_matrices/ar4/random_forest/repeat_02_fold_03.png
ar4,Random Forest,2,4,17,0,1,3,public_dataset_output/results/confusion_matrices/ar4/random_forest/repeat_02_fold_04.png
ar4,Random Forest,2,5,16,1,3,1,public_dataset_output/results/confusion_matrices/ar4/random_forest/repeat_02_fold_05.png
ar4,SVM,1,1,18,0,3,1,public_dataset_output/results/confusion_matrices/ar4/svm/repeat_01_fold_01.png
ar4,SVM,1,2,18,0,4,0,public_dataset_output/results/confusion_matrices/ar4/svm/repeat_01_fold_02.png
ar4,SVM,1,3,17,0,2,2,public_dataset_output/results/confusion_matrices/ar4/svm/repeat_01_fold_03.png
ar4,SVM,1,4,15,2,2,2,public_dataset_output/results/confusion_matrices/ar4/svm/repeat_01_fold_04.png
ar4,SVM,1,5,17,0,3,1,public_dataset_output/results/confusion_matrices/ar4/svm/repeat_01_fold_05.png
ar4,SVM,2,1,18,0,2,2,public_dataset_output/results/confusion_matrices/ar4/svm/repeat_02_fold_01.png
ar4,SVM,2,2,17,1,3,1,public_dataset_output/results/confusion_matrices/ar4/svm/repeat_02_fold_02.png
ar4,SVM,2,3,17,0,3,1,public_dataset_output/results/confusion_matrices/ar4/svm/repeat_02_fold_03.png
ar4,SVM,2,4,17,0,4,0,public_dataset_output/results/confusion_matrices/ar4/svm/repeat_02_fold_04.png
ar4,SVM,2,5,16,1,4,0,public_dataset_output/results/confusion_matrices/ar4/svm/repeat_02_fold_05.png
ar4,Logistic Regression,1,1,17,1,3,1,public_dataset_output/results/confusion_matrices/ar4/logistic_regression/repeat_01_fold_01.png
ar4,Logistic Regression,1,2,17,1,2,2,public_dataset_output/results/confusion_matrices/ar4/logistic_regression/repeat_01_fold_02.png
ar4,Logistic Regression,1,3,17,0,2,2,public_dataset_output/results/confusion_matrices/ar4/logistic_regression/repeat_01_fold_03.png
ar4,Logistic Regression,1,4,14,3,2,2,public_dataset_output/results/confusion_matrices/ar4/logistic_regression/repeat_01_fold_04.png
ar4,Logistic Regression,1,5,17,0,2,2,public_dataset_output/results/confusion_matrices/ar4/logistic_regression/repeat_01_fold_05.png
ar4,Logistic Regression,2,1,17,1,2,2,public_dataset_output/results/confusion_matrices/ar4/logistic_regression/repeat_02_fold_01.png
ar4,Logistic Regression,2,2,17,1,3,1,public_dataset_output/results/confusion_matrices/ar4/logistic_regression/repeat_02_fold_02.png
ar4,Logistic Regression,2,3,16,1,2,2,public_dataset_output/results/confusion_matrices/ar4/logistic_regression/repeat_02_fold_03.png
ar4,Logistic Regression,2,4,16,1,1,3,public_dataset_output/results/confusion_matrices/ar4/logistic_regression/repeat_02_fold_04.png
ar4,Logistic Regression,2,5,16,1,4,0,public_dataset_output/results/confusion_matrices/ar4/logistic_regression/repeat_02_fold_05.png
ar5,Random Forest,1,1,5,1,0,2,public_dataset_output/results/confusion_matrices/ar5/random_forest/repeat_01_fold_01.png
ar5,Random Forest,1,2,5,1,0,1,public_dataset_output/results/confusion_matrices/ar5/random_forest/repeat_01_fold_02.png
ar5,Random Forest,1,3,6,0,1,0,public_dataset_output/results/confusion_matrices/ar5/random_forest/repeat_01_fold_03.png
ar5,Random Forest,1,4,3,2,1,1,public_dataset_output/results/confusion_matrices/ar5/random_forest/repeat_01_fold_04.png
ar5,Random Forest,1,5,5,0,1,1,public_dataset_output/results/confusion_matrices/ar5/random_forest/repeat_01_fold_05.png
ar5,Random Forest,2,1,5,1,0,2,public_dataset_output/results/confusion_matrices/ar5/random_forest/repeat_02_fold_01.png
ar5,Random Forest,2,2,4,2,0,1,public_dataset_output/results/confusion_matrices/ar5/random_forest/repeat_02_fold_02.png
ar5,Random Forest,2,3,5,1,1,0,public_dataset_output/results/confusion_matrices/ar5/random_forest/repeat_02_fold_03.png
ar5,Random Forest,2,4,5,0,0,2,public_dataset_output/results/confusion_matrices/ar5/random_forest/repeat_02_fold_04.png
ar5,Random Forest,2,5,5,0,1,1,public_dataset_output/results/confusion_matrices/ar5/random_forest/repeat_02_fold_05.png
ar5,SVM,1,1,6,0,1,1,public_dataset_output/results/confusion_matrices/ar5/svm/repeat_01_fold_01.png
ar5,SVM,1,2,6,0,0,1,public_dataset_output/results/confusion_matrices/ar5/svm/repeat_01_fold_02.png
ar5,SVM,1,3,6,0,1,0,public_dataset_output/results/confusion_matrices/ar5/svm/repeat_01_fold_03.png
ar5,SVM,1,4,3,2,1,1,public_dataset_output/results/confusion_matrices/ar5/svm/repeat_01_fold_04.png
ar5,SVM,1,5,5,0,2,0,public_dataset_output/results/confusion_matrices/ar5/svm/repeat_01_fold_05.png
ar5,SVM,2,1,6,0,0,2,public_dataset_output/results/confusion_matrices/ar5/svm/repeat_02_fold_01.png
ar5,SVM,2,2,4,2,0,1,public_dataset_output/results/confusion_matrices/ar5/svm/repeat_02_fold_02.png
ar5,SVM,2,3,6,0,1,0,public_dataset_output/results/confusion_matrices/ar5/svm/repeat_02_fold_03.png
ar5,SVM,2,4,5,0,2,0,public_dataset_output/results/confusion_matrices/ar5/svm/repeat_02_fold_04.png
ar5,SVM,2,5,5,0,2,0,public_dataset_output/results/confusion_matrices/ar5/svm/repeat_02_fold_05.png
ar5,Logistic Regression,1,1,6,0,0,2,public_dataset_output/results/confusion_matrices/ar5/logistic_regression/repeat_01_fold_01.png
ar5,Logistic Regression,1,2,5,1,0,1,public_dataset_output/results/confusion_matrices/ar5/logistic_regression/repeat_01_fold_02.png
ar5,Logistic Regression,1,3,6,0,1,0,public_dataset_output/results/confusion_matrices/ar5/logistic_regression/repeat_01_fold_03.png
ar5,Logistic Regression,1,4,3,2,1,1,public_dataset_output/results/confusion_matrices/ar5/logistic_regression/repeat_01_fold_04.png
ar5,Logistic Regression,1,5,5,0,1,1,public_dataset_output/results/confusion_matrices/ar5/logistic_regression/repeat_01_fold_05.png
ar5,Logistic Regression,2,1,5,1,0,2,public_dataset_output/results/confusion_matrices/ar5/logistic_regression/repeat_02_fold_01.png
ar5,Logistic Regression,2,2,4,2,0,1,public_dataset_output/results/confusion_matrices/ar5/logistic_regression/repeat_02_fold_02.png
ar5,Logistic Regression,2,3,5,1,1,0,public_dataset_output/results/confusion_matrices/ar5/logistic_regression/repeat_02_fold_03.png
ar5,Logistic Regression,2,4,5,0,0,2,public_dataset_output/results/confusion_matrices/ar5/logistic_regression/repeat_02_fold_04.png
ar5,Logistic Regression,2,5,5,0,1,1,public_dataset_output/results/confusion_matrices/ar5/logistic_regression/repeat_02_fold_05.png
ar6,Random Forest,1,1,17,1,3,0,public_dataset_output/results/confusion_matrices/ar6/random_forest/repeat_01_fold_01.png
ar6,Random Forest,1,2,17,0,3,0,public_dataset_output/results/confusion_matrices/ar6/random_forest/repeat_01_fold_02.png
ar6,Random Forest,1,3,16,1,2,1,public_dataset_output/results/confusion_matrices/ar6/random_forest/repeat_01_fold_03.png
ar6,Random Forest,1,4,17,0,3,0,public_dataset_output/results/confusion_matrices/ar6/random_forest/repeat_01_fold_04.png
ar6,Random Forest,1,5,17,0,2,1,public_dataset_output/results/confusion_matrices/ar6/random_forest/repeat_01_fold_05.png
ar6,Random Forest,2,1,18,0,3,0,public_dataset_output/results/confusion_matrices/ar6/random_forest/repeat_02_fold_01.png
ar6,Random Forest,2,2,17,0,2,1,public_dataset_output/results/confusion_matrices/ar6/random_forest/repeat_02_fold_02.png
ar6,Random Forest,2,3,17,0,2,1,public_dataset_output/results/confusion_matrices/ar6/random_forest/repeat_02_fold_03.png
ar6,Random Forest,2,4,17,0,2,1,public_dataset_output/results/confusion_matrices/ar6/random_forest/repeat_02_fold_04.png
ar6,Random Forest,2,5,16,1,3,0,public_dataset_output/results/confusion_matrices/ar6/random_forest/repeat_02_fold_05.png
ar6,SVM,1,1,18,0,3,0,public_dataset_output/results/confusion_matrices/ar6/svm/repeat_01_fold_01.png
ar6,SVM,1,2,17,0,3,0,public_dataset_output/results/confusion_matrices/ar6/svm/repeat_01_fold_02.png
ar6,SVM,1,3,17,0,2,1,public_dataset_output/results/confusion_matrices/ar6/svm/repeat_01_fold_03.png
ar6,SVM,1,4,17,0,3,0,public_dataset_output/results/confusion_matrices/ar6/svm/repeat_01_fold_04.png
ar6,SVM,1,5,17,0,2,1,public_dataset_output/results/confusion_matrices/ar6/svm/repeat_01_fold_05.png
ar6,SVM,2,1,18,0,3,0,public_dataset_output/results/confusion_matrices/ar6/svm/repeat_02_fold_01.png
ar6,SVM,2,2,17,0,2,1,public_dataset_output/results/confusion_matrices/ar6/svm/repeat_02_fold_02.png
ar6,SVM,2,3,17,0,3,0,public_dataset_output/results/confusion_matrices/ar6/svm/repeat_02_fold_03.png
ar6,SVM,2,4,17,0,2,1,public_dataset_output/results/confusion_matrices/ar6/svm/repeat_02_fold_04.png
ar6,SVM,2,5,17,0,3,0,public_dataset_output/results/confusion_matrices/ar6/svm/repeat_02_fold_05.png
ar6,Logistic Regression,1,1,16,2,2,1,public_dataset_output/results/confusion_matrices/ar6/logistic_regression/repeat_01_fold_01.png
ar6,Logistic Regression,1,2,17,0,3,0,public_dataset_output/results/confusion_matrices/ar6/logistic_regression/repeat_01_fold_02.png
ar6,Logistic Regression,1,3,17,0,2,1,public_dataset_output/results/confusion_matrices/ar6/logistic_regression/repeat_01_fold_03.png
ar6,Logistic Regression,1,4,17,0,2,1,public_dataset_output/results/confusion_matrices/ar6/logistic_regression/repeat_01_fold_04.png
ar6,Logistic Regression,1,5,17,0,1,2,public_dataset_output/results/confusion_matrices/ar6/logistic_regression/repeat_01_fold_05.png
ar6,Logistic Regression,2,1,17,1,2,1,public_dataset_output/results/confusion_matrices/ar6/logistic_regression/repeat_02_fold_01.png
ar6,Logistic Regression,2,2,17,0,1,2,public_dataset_output/results/confusion_matrices/ar6/logistic_regression/repeat_02_fold_02.png
ar6,Logistic Regression,2,3,17,0,3,0,public_dataset_output/results/confusion_matrices/ar6/logistic_regression/repeat_02_fold_03.png
ar6,Logistic Regression,2,4,17,0,1,2,public_dataset_output/results/confusion_matrices/ar6/logistic_regression/repeat_02_fold_04.png
ar6,Logistic Regression,2,5,16,1,3,0,public_dataset_output/results/confusion_matrices/ar6/logistic_regression/repeat_02_fold_05.png
kc1,Random Forest,1,1,344,13,46,19,public_dataset_output/results/confusion_matrices/kc1/random_forest/repeat_01_fold_01.png
kc1,Random Forest,1,2,345,12,49,16,public_dataset_output/results/confusion_matrices/kc1/random_forest/repeat_01_fold_02.png
kc1,Random Forest,1,3,341,16,42,23,public_dataset_output/results/confusion_matrices/kc1/random_forest/repeat_01_fold_03.png
kc1,Random Forest,1,4,342,14,45,21,public_dataset_output/results/confusion_matrices/kc1/random_forest/repeat_01_fold_04.png
kc1,Random Forest,1,5,338,18,42,23,public_dataset_output/results/confusion_matrices/kc1/random_forest/repeat_01_fold_05.png
kc1,Random Forest,2,1,338,19,47,18,public_dataset_output/results/confusion_matrices/kc1/random_forest/repeat_02_fold_01.png
kc1,Random Forest,2,2,346,11,43,22,public_dataset_output/results/confusion_matrices/kc1/random_forest/repeat_02_fold_02.png
kc1,Random Forest,2,3,341,16,43,22,public_dataset_output/results/confusion_matrices/kc1/random_forest/repeat_02_fold_03.png
kc1,Random Forest,2,4,341,15,50,16,public_dataset_output/results/confusion_matrices/kc1/random_forest/repeat_02_fold_04.png
kc1,Random Forest,2,5,350,6,46,19,public_dataset_output/results/confusion_matrices/kc1/random_forest/repeat_02_fold_05.png
kc1,SVM,1,1,351,6,57,8,public_dataset_output/results/confusion_matrices/kc1/svm/repeat_01_fold_01.png
kc1,SVM,1,2,351,6,59,6,public_dataset_output/results/confusion_matrices/kc1/svm/repeat_01_fold_02.png
kc1,SVM,1,3,350,7,56,9,public_dataset_output/results/confusion_matrices/kc1/svm/repeat_01_fold_03.png
kc1,SVM,1,4,349,7,55,11,public_dataset_output/results/confusion_matrices/kc1/svm/repeat_01_fold_04.png
kc1,SVM,1,5,347,9,58,7,public_dataset_output/results/confusion_matrices/kc1/svm/repeat_01_fold_05.png
kc1,SVM,2,1,350,7,58,7,public_dataset_output/results/confusion_matrices/kc1/svm/repeat_02_fold_01.png
kc1,SVM,2,2,350,7,57,8,public_dataset_output/results/confusion_matrices/kc1/svm/repeat_02_fold_02.png
kc1,SVM,2,3,351,6,57,8,public_dataset_output/results/confusion_matrices/kc1/svm/repeat_02_fold_03.png
kc1,SVM,2,4,345,11,55,11,public_dataset_output/results/confusion_matrices/kc1/svm/repeat_02_fold_04.png
kc1,SVM,2,5,353,3,57,8,public_dataset_output/results/confusion_matrices/kc1/svm/repeat_02_fold_05.png
kc1,Logistic Regression,1,1,352,5,53,12,public_dataset_output/results/confusion_matrices/kc1/logistic_regression/repeat_01_fold_01.png
kc1,Logistic Regression,1,2,348,9,52,13,public_dataset_output/results/confusion_matrices/kc1/logistic_regression/repeat_01_fold_02.png
kc1,Logistic Regression,1,3,348,9,54,11,public_dataset_output/results/confusion_matrices/kc1/logistic_regression/repeat_01_fold_03.png
kc1,Logistic Regression,1,4,345,11,49,17,public_dataset_output/results/confusion_matrices/kc1/logistic_regression/repeat_01_fold_04.png
kc1,Logistic Regression,1,5,344,12,51,14,public_dataset_output/results/confusion_matrices/kc1/logistic_regression/repeat_01_fold_05.png
kc1,Logistic Regression,2,1,346,11,54,11,public_dataset_output/results/confusion_matrices/kc1/logistic_regression/repeat_02_fold_01.png
kc1,Logistic Regression,2,2,349,8,51,14,public_dataset_output/results/confusion_matrices/kc1/logistic_regression/repeat_02_fold_02.png
kc1,Logistic Regression,2,3,348,9,50,15,public_dataset_output/results/confusion_matrices/kc1/logistic_regression/repeat_02_fold_03.png
kc1,Logistic Regression,2,4,345,11,50,16,public_dataset_output/results/confusion_matrices/kc1/logistic_regression/repeat_02_fold_04.png
kc1,Logistic Regression,2,5,350,6,52,13,public_dataset_output/results/confusion_matrices/kc1/logistic_regression/repeat_02_fold_05.png
kc2,Random Forest,1,1,72,11,9,13,public_dataset_output/results/confusion_matrices/kc2/random_forest/repeat_01_fold_01.png
kc2,Random Forest,1,2,75,8,8,14,public_dataset_output/results/confusion_matrices/kc2/random_forest/repeat_01_fold_02.png
kc2,Random Forest,1,3,79,4,14,7,public_dataset_output/results/confusion_matrices/kc2/random_forest/repeat_01_fold_03.png
kc2,Random Forest,1,4,80,3,12,9,public_dataset_output/results/confusion_matrices/kc2/random_forest/repeat_01_fold_04.png
kc2,Random Forest,1,5,77,6,12,9,public_dataset_output/results/confusion_matrices/kc2/random_forest/repeat_01_fold_05.png
kc2,Random Forest,2,1,76,7,16,6,public_dataset_output/results/confusion_matrices/kc2/random_forest/repeat_02_fold_01.png
kc2,Random Forest,2,2,72,11,8,14,public_dataset_output/results/confusion_matrices/kc2/random_forest/repeat_02_fold_02.png
kc2,Random Forest,2,3,77,6,12,9,public_dataset_output/results/confusion_matrices/kc2/random_forest/repeat_02_fold_03.png
kc2,Random Forest,2,4,80,3,10,11,public_dataset_output/results/confusion_matrices/kc2/random_forest/repeat_02_fold_04.png
kc2,Random Forest,2,5,81,2,9,12,public_dataset_output/results/confusion_matrices/kc2/random_forest/repeat_02_fold_05.png
kc2,SVM,1,1,81,2,14,8,public_dataset_output/results/confusion_matrices/kc2/svm/repeat_01_fold_01.png
kc2,SVM,1,2,82,1,10,12,public_dataset_output/results/confusion_matrices/kc2/svm/repeat_01_fold_02.png
kc2,SVM,1,3,82,1,18,3,public_dataset_output/results/confusion_matrices/kc2/svm/repeat_01_fold_03.png
kc2,SVM,1,4,83,0,15,6,public_dataset_output/results/confusion_matrices/kc2/svm/repeat_01_fold_04.png
kc2,SVM,1,5,80,3,17,4,public_dataset_output/results/confusion_matrices/kc2/svm/repeat_01_fold_05.png
kc2,SVM,2,1,82,1,16,6,public_dataset_output/results/confusion_matrices/kc2/svm/repeat_02_fold_01.png
kc2,SVM,2,2,78,5,13,9,public_dataset_output/results/confusion_matrices/kc2/svm/repeat_02_fold_02.png
kc2,SVM,2,3,83,0,16,5,public_dataset_output/results/confusion_matrices/kc2/svm/repeat_02_fold_03.png
kc2,SVM,2,4,82,1,13,8,public_dataset_output/results/confusion_matrices/kc2/svm/repeat_02_fold_04.png
kc2,SVM,2,5,83,0,14,7,public_dataset_output/results/confusion_matrices/kc2/svm/repeat_02_fold_05.png
kc2,Logistic Regression,1,1,74,9,14,8,public_dataset_output/results/confusion_matrices/kc2/logistic_regression/repeat_01_fold_01.png
kc2,Logistic Regression,1,2,79,4,11,11,public_dataset_output/results/confusion_matrices/kc2/logistic_regression/repeat_01_fold_02.png
kc2,Logistic Regression,1,3,81,2,13,8,public_dataset_output/results/confusion_matrices/kc2/logistic_regression/repeat_01_fold_03.png
kc2,Logistic Regression,1,4,79,4,12,9,public_dataset_output/results/confusion_matrices/kc2/logistic_regression/repeat_01_fold_04.png
kc2,Logistic Regression,1,5,79,4,15,6,public_dataset_output/results/confusion_matrices/kc2/logistic_regression/repeat_01_fold_05.png
kc2,Logistic Regression,2,1,80,3,14,8,public_dataset_output/results/confusion_matrices/kc2/logistic_regression/repeat_02_fold_01.png
kc2,Logistic Regression,2,2,73,10,10,12,public_dataset_output/results/confusion_matrices/kc2/logistic_regression/repeat_02_fold_02.png
kc2,Logistic Regression,2,3,80,3,16,5,public_dataset_output/results/confusion_matrices/kc2/logistic_regression/repeat_02_fold_03.png
kc2,Logistic Regression,2,4,82,1,11,10,public_dataset_output/results/confusion_matrices/kc2/logistic_regression/repeat_02_fold_04.png
kc2,Logistic Regression,2,5,80,3,13,8,public_dataset_output/results/confusion_matrices/kc2/logistic_regression/repeat_02_fold_05.png
kc3,Random Forest,1,1,80,3,7,2,public_dataset_output/results/confusion_matrices/kc3/random_forest/repeat_01_fold_01.png
kc3,Random Forest,1,2,81,2,8,1,public_dataset_output/results/confusion_matrices/kc3/random_forest/repeat_01_fold_02.png
kc3,Random Forest,1,3,81,2,7,2,public_dataset_output/results/confusion_matrices/kc3/random_forest/repeat_01_fold_03.png
kc3,Random Forest,1,4,82,1,7,1,public_dataset_output/results/confusion_matrices/kc3/random_forest/repeat_01_fold_04.png
kc3,Random Forest,1,5,82,1,8,0,public_dataset_output/results/confusion_matrices/kc3/random_forest/repeat_01_fold_05.png
kc3,Random Forest,2,1,82,1,9,0,public_dataset_output/results/confusion_matrices/kc3/random_forest/repeat_02_fold_01.png
kc3,Random Forest,2,2,78,5,9,0,public_dataset_output/results/confusion_matrices/kc3/random_forest/repeat_02_fold_02.png
kc3,Random Forest,2,3,80,3,9,0,public_dataset_output/results/confusion_matrices/kc3/random_forest/repeat_02_fold_03.png
kc3,Random Forest,2,4,83,0,8,0,public_dataset_output/results/confusion_matrices/kc3/random_forest/repeat_02_fold_04.png
kc3,Random Forest,2,5,81,2,5,3,public_dataset_output/results/confusion_matrices/kc3/random_forest/repeat_02_fold_05.png
kc3,SVM,1,1,83,0,9,0,public_dataset_output/results/confusion_matrices/kc3/svm/repeat_01_fold_01.png
kc3,SVM,1,2,83,0,9,0,public_dataset_output/results/confusion_matrices/kc3/svm/repeat_01_fold_02.png
kc3,SVM,1,3,83,0,9,0,public_dataset_output/results/confusion_matrices/kc3/svm/repeat_01_fold_03.png
kc3,SVM,1,4,83,0,8,0,public_dataset_output/results/confusion_matrices/kc3/svm/repeat_01_fold_04.png
kc3,SVM,1,5,83,0,8,0,public_dataset_output/results/confusion_matrices/kc3/svm/repeat_01_fold_05.png
kc3,SVM,2,1,83,0,9,0,public_dataset_output/results/confusion_matrices/kc3/svm/repeat_02_fold_01.png
kc3,SVM,2,2,82,1,8,1,public_dataset_output/results/confusion_matrices/kc3/svm/repeat_02_fold_02.png
kc3,SVM,2,3,83,0,9,0,public_dataset_output/results/confusion_matrices/kc3/svm/repeat_02_fold_03.png
kc3,SVM,2,4,83,0,8,0,public_dataset_output/results/confusion_matrices/kc3/svm/repeat_02_fold_04.png
kc3,SVM,2,5,83,0,8,0,public_dataset_output/results/confusion_matrices/kc3/svm/repeat_02_fold_05.png
kc3,Logistic Regression,1,1,79,4,6,3,public_dataset_output/results/confusion_matrices/kc3/logistic_regression/repeat_01_fold_01.png
kc3,Logistic Regression,1,2,82,1,7,2,public_dataset_output/results/confusion_matrices/kc3/logistic_regression/repeat_01_fold_02.png
kc3,Logistic Regression,1,3,83,0,6,3,public_dataset_output/results/confusion_matrices/kc3/logistic_regression/repeat_01_fold_03.png
kc3,Logistic Regression,1,4,81,2,8,0,public_dataset_output/results/confusion_matrices/kc3/logistic_regression/repeat_01_fold_04.png
kc3,Logistic Regression,1,5,83,0,6,2,public_dataset_output/results/confusion_matrices/kc3/logistic_regression/repeat_01_fold_05.png
kc3,Logistic Regression,2,1,82,1,7,2,public_dataset_output/results/confusion_matrices/kc3/logistic_regression/repeat_02_fold_01.png
kc3,Logistic Regression,2,2,80,3,7,2,public_dataset_output/results/confusion_matrices/kc3/logistic_regression/repeat_02_fold_02.png
kc3,Logistic Regression,2,3,81,2,7,2,public_dataset_output/results/confusion_matrices/kc3/logistic_regression/repeat_02_fold_03.png
kc3,Logistic Regression,2,4,83,0,8,0,public_dataset_output/results/confusion_matrices/kc3/logistic_regression/repeat_02_fold_04.png
kc3,Logistic Regression,2,5,83,0,6,2,public_dataset_output/results/confusion_matrices/kc3/logistic_regression/repeat_02_fold_05.png
mc2,Random Forest,1,1,20,2,6,5,public_dataset_output/results/confusion_matrices/mc2/random_forest/repeat_01_fold_01.png
mc2,Random Forest,1,2,21,1,7,3,public_dataset_output/results/confusion_matrices/mc2/random_forest/repeat_01_fold_02.png
mc2,Random Forest,1,3,17,5,5,5,public_dataset_output/results/confusion_matrices/mc2/random_forest/repeat_01_fold_03.png
mc2,Random Forest,1,4,19,3,6,4,public_dataset_output/results/confusion_matrices/mc2/random_forest/repeat_01_fold_04.png
mc2,Random Forest,1,5,16,5,9,2,public_dataset_output/results/confusion_matrices/mc2/random_forest/repeat_01_fold_05.png
mc2,Random Forest,2,1,20,2,9,2,public_dataset_output/results/confusion_matrices/mc2/random_forest/repeat_02_fold_01.png
mc2,Random Forest,2,2,17,5,5,5,public_dataset_output/results/confusion_matrices/mc2/random_forest/repeat_02_fold_02.png
mc2,Random Forest,2,3,20,2,7,3,public_dataset_output/results/confusion_matrices/mc2/random_forest/repeat_02_fold_03.png
mc2,Random Forest,2,4,22,0,7,3,public_dataset_output/results/confusion_matrices/mc2/random_forest/repeat_02_fold_04.png
mc2,Random Forest,2,5,19,2,8,3,public_dataset_output/results/confusion_matrices/mc2/random_forest/repeat_02_fold_05.png
mc2,SVM,1,1,20,2,8,3,public_dataset_output/results/confusion_matrices/mc2/svm/repeat_01_fold_01.png
mc2,SVM,1,2,22,0,8,2,public_dataset_output/results/confusion_matrices/mc2/svm/repeat_01_fold_02.png
mc2,SVM,1,3,20,2,6,4,public_dataset_output/results/confusion_matrices/mc2/svm/repeat_01_fold_03.png
mc2,SVM,1,4,20,2,6,4,public_dataset_output/results/confusion_matrices/mc2/svm/repeat_01_fold_04.png
mc2,SVM,1,5,21,0,10,1,public_dataset_output/results/confusion_matrices/mc2/svm/repeat_01_fold_05.png
mc2,SVM,2,1,22,0,9,2,public_dataset_output/results/confusion_matrices/mc2/svm/repeat_02_fold_01.png
mc2,SVM,2,2,19,3,8,2,public_dataset_output/results/confusion_matrices/mc2/svm/repeat_02_fold_02.png
mc2,SVM,2,3,20,2,9,1,public_dataset_output/results/confusion_matrices/mc2/svm/repeat_02_fold_03.png
mc2,SVM,2,4,22,0,7,3,public_dataset_output/results/confusion_matrices/mc2/svm/repeat_02_fold_04.png
mc2,SVM,2,5,21,0,9,2,public_dataset_output/results/confusion_matrices/mc2/svm/repeat_02_fold_05.png
mc2,Logistic Regression,1,1,17,5,6,5,public_dataset_output/results/confusion_matrices/mc2/logistic_regression/repeat_01_fold_01.png
mc2,Logistic Regression,1,2,19,3,6,4,public_dataset_output/results/confusion_matrices/mc2/logistic_regression/repeat_01_fold_02.png
mc2,Logistic Regression,1,3,17,5,6,4,public_dataset_output/results/confusion_matrices/mc2/logistic_regression/repeat_01_fold_03.png
mc2,Logistic Regression,1,4,19,3,6,4,public_dataset_output/results/confusion_matrices/mc2/logistic_regression/repeat_01_fold_04.png
mc2,Logistic Regression,1,5,19,2,7,4,public_dataset_output/results/confusion_matrices/mc2/logistic_regression/repeat_01_fold_05.png
mc2,Logistic Regression,2,1,22,0,8,3,public_dataset_output/results/confusion_matrices/mc2/logistic_regression/repeat_02_fold_01.png
mc2,Logistic Regression,2,2,18,4,5,5,public_dataset_output/results/confusion_matrices/mc2/logistic_regression/repeat_02_fold_02.png
mc2,Logistic Regression,2,3,17,5,9,1,public_dataset_output/results/confusion_matrices/mc2/logistic_regression/repeat_02_fold_03.png
mc2,Logistic Regression,2,4,20,2,3,7,public_dataset_output/results/confusion_matrices/mc2/logistic_regression/repeat_02_fold_04.png
mc2,Logistic Regression,2,5,20,1,5,6,public_dataset_output/results/confusion_matrices/mc2/logistic_regression/repeat_02_fold_05.png
mw1,Random Forest,1,1,73,2,5,1,public_dataset_output/results/confusion_matrices/mw1/random_forest/repeat_01_fold_01.png
mw1,Random Forest,1,2,70,5,4,2,public_dataset_output/results/confusion_matrices/mw1/random_forest/repeat_01_fold_02.png
mw1,Random Forest,1,3,74,0,7,0,public_dataset_output/results/confusion_matrices/mw1/random_forest/repeat_01_fold_03.png
mw1,Random Forest,1,4,73,1,5,1,public_dataset_output/results/confusion_matrices/mw1/random_forest/repeat_01_fold_04.png
mw1,Random Forest,1,5,71,3,3,3,public_dataset_output/results/confusion_matrices/mw1/random_forest/repeat_01_fold_05.png
mw1,Random Forest,2,1,73,2,5,1,public_dataset_output/results/confusion_matrices/mw1/random_forest/repeat_02_fold_01.png
mw1,Random Forest,2,2,74,1,3,3,public_dataset_output/results/confusion_matrices/mw1/random_forest/repeat_02_fold_02.png
mw1,Random Forest,2,3,69,5,7,0,public_dataset_output/results/confusion_matrices/mw1/random_forest/repeat_02_fold_03.png
mw1,Random Forest,2,4,72,2,5,1,public_dataset_output/results/confusion_matrices/mw1/random_forest/repeat_02_fold_04.png
mw1,Random Forest,2,5,72,2,6,0,public_dataset_output/results/confusion_matrices/mw1/random_forest/repeat_02_fold_05.png
mw1,SVM,1,1,75,0,6,0,public_dataset_output/results/confusion_matrices/mw1/svm/repeat_01_fold_01.png
mw1,SVM,1,2,75,0,6,0,public_dataset_output/results/confusion_matrices/mw1/svm/repeat_01_fold_02.png
mw1,SVM,1,3,74,0,7,0,public_dataset_output/results/confusion_matrices/mw1/svm/repeat_01_fold_03.png
mw1,SVM,1,4,74,0,6,0,public_dataset_output/results/confusion_matrices/mw1/svm/repeat_01_fold_04.png
mw1,SVM,1,5,74,0,5,1,public_dataset_output/results/confusion_matrices/mw1/svm/repeat_01_fold_05.png
mw1,SVM,2,1,75,0,5,1,public_dataset_output/results/confusion_matrices/mw1/svm/repeat_02_fold_01.png
mw1,SVM,2,2,75,0,6,0,public_dataset_output/results/confusion_matrices/mw1/svm/repeat_02_fold_02.png
mw1,SVM,2,3,74,0,7,0,public_dataset_output/results/confusion_matrices/mw1/svm/repeat_02_fold_03.png
mw1,SVM,2,4,74,0,6,0,public_dataset_output/results/confusion_matrices/mw1/svm/repeat_02_fold_04.png
mw1,SVM,2,5,74,0,6,0,public_dataset_output/results/confusion_matrices/mw1/svm/repeat_02_fold_05.png
mw1,Logistic Regression,1,1,75,0,4,2,public_dataset_output/results/confusion_matrices/mw1/logistic_regression/repeat_01_fold_01.png
mw1,Logistic Regression,1,2,74,1,4,2,public_dataset_output/results/confusion_matrices/mw1/logistic_regression/repeat_01_fold_02.png
mw1,Logistic Regression,1,3,73,1,5,2,public_dataset_output/results/confusion_matrices/mw1/logistic_regression/repeat_01_fold_03.png
mw1,Logistic Regression,1,4,74,0,6,0,public_dataset_output/results/confusion_matrices/mw1/logistic_regression/repeat_01_fold_04.png
mw1,Logistic Regression,1,5,73,1,3,3,public_dataset_output/results/confusion_matrices/mw1/logistic_regression/repeat_01_fold_05.png
mw1,Logistic Regression,2,1,74,1,4,2,public_dataset_output/results/confusion_matrices/mw1/logistic_regression/repeat_02_fold_01.png
mw1,Logistic Regression,2,2,75,0,5,1,public_dataset_output/results/confusion_matrices/mw1/logistic_regression/repeat_02_fold_02.png
mw1,Logistic Regression,2,3,71,3,7,0,public_dataset_output/results/confusion_matrices/mw1/logistic_regression/repeat_02_fold_03.png
mw1,Logistic Regression,2,4,73,1,4,2,public_dataset_output/results/confusion_matrices/mw1/logistic_regression/repeat_02_fold_04.png
mw1,Logistic Regression,2,5,73,1,5,1,public_dataset_output/results/confusion_matrices/mw1/logistic_regression/repeat_02_fold_05.png
pc1,Random Forest,1,1,202,5,9,6,public_dataset_output/results/confusion_matrices/pc1/random_forest/repeat_01_fold_01.png
pc1,Random Forest,1,2,205,2,12,3,public_dataset_output/results/confusion_matrices/pc1/random_forest/repeat_01_fold_02.png
pc1,Random Forest,1,3,201,5,9,7,public_dataset_output/results/confusion_matrices/pc1/random_forest/repeat_01_fold_03.png
pc1,Random Forest,1,4,206,0,14,2,public_dataset_output/results/confusion_matrices/pc1/random_forest/repeat_01_fold_04.png
pc1,Random Forest,1,5,202,4,10,5,public_dataset_output/results/confusion_matrices/pc1/random_forest/repeat_01_fold_05.png
pc1,Random Forest,2,1,204,3,11,4,public_dataset_output/results/confusion_matrices/pc1/random_forest/repeat_02_fold_01.png
pc1,Random Forest,2,2,204,3,13,2,public_dataset_output/results/confusion_matrices/pc1/random_forest/repeat_02_fold_02.png
pc1,Random Forest,2,3,206,0,11,5,public_dataset_output/results/confusion_matrices/pc1/random_forest/repeat_02_fold_03.png
pc1,Random Forest,2,4,205,1,13,3,public_dataset_output/results/confusion_matrices/pc1/random_forest/repeat_02_fold_04.png
pc1,Random Forest,2,5,200,6,9,6,public_dataset_output/results/confusion_matrices/pc1/random_forest/repeat_02_fold_05.png
pc1,SVM,1,1,207,0,15,0,public_dataset_output/results/confusion_matrices/pc1/svm/repeat_01_fold_01.png
pc1,SVM,1,2,207,0,15,0,public_dataset_output/results/confusion_matrices/pc1/svm/repeat_01_fold_02.png
pc1,SVM,1,3,206,0,16,0,public_dataset_output/results/confusion_matrices/pc1/svm/repeat_01_fold_03.png
pc1,SVM,1,4,206,0,16,0,public_dataset_output/results/confusion_matrices/pc1/svm/repeat_01_fold_04.png
pc1,SVM,1,5,205,1,15,0,public_dataset_output/results/confusion_matrices/pc1/svm/repeat_01_fold_05.png
pc1,SVM,2,1,205,2,14,1,public_dataset_output/results/confusion_matrices/pc1/svm/repeat_02_fold_01.png
pc1,SVM,2,2,207,0,15,0,public_dataset_output/results/confusion_matrices/pc1/svm/repeat_02_fold_02.png
pc1,SVM,2,3,206,0,16,0,public_dataset_output/results/confusion_matrices/pc1/svm/repeat_02_fold_03.png
pc1,SVM,2,4,206,0,15,1,public_dataset_output/results/confusion_matrices/pc1/svm/repeat_02_fold_04.png
pc1,SVM,2,5,206,0,15,0,public_dataset_output/results/confusion_matrices/pc1/svm/repeat_02_fold_05.png
pc1,Logistic Regression,1,1,204,3,10,5,public_dataset_output/results/confusion_matrices/pc1/logistic_regression/repeat_01_fold_01.png
pc1,Logistic Regression,1,2,206,1,13,2,public_dataset_output/results/confusion_matrices/pc1/logistic_regression/repeat_01_fold_02.png
pc1,Logistic Regression,1,3,204,2,15,1,public_dataset_output/results/confusion_matrices/pc1/logistic_regression/repeat_01_fold_03.png
pc1,Logistic Regression,1,4,202,4,15,1,public_dataset_output/results/confusion_matrices/pc1/logistic_regression/repeat_01_fold_04.png
pc1,Logistic Regression,1,5,202,4,14,1,public_dataset_output/results/confusion_matrices/pc1/logistic_regression/repeat_01_fold_05.png
pc1,Logistic Regression,2,1,204,3,14,1,public_dataset_output/results/confusion_matrices/pc1/logistic_regression/repeat_02_fold_01.png
pc1,Logistic Regression,2,2,204,3,13,2,public_dataset_output/results/confusion_matrices/pc1/logistic_regression/repeat_02_fold_02.png
pc1,Logistic Regression,2,3,204,2,16,0,public_dataset_output/results/confusion_matrices/pc1/logistic_regression/repeat_02_fold_03.png
pc1,Logistic Regression,2,4,205,1,15,1,public_dataset_output/results/confusion_matrices/pc1/logistic_regression/repeat_02_fold_04.png
pc1,Logistic Regression,2,5,202,4,11,4,public_dataset_output/results/confusion_matrices/pc1/logistic_regression/repeat_02_fold_05.png
pc3,Random Forest,1,1,276,5,26,6,public_dataset_output/results/confusion_matrices/pc3/random_forest/repeat_01_fold_01.png
pc3,Random Forest,1,2,279,2,28,4,public_dataset_output/results/confusion_matrices/pc3/random_forest/repeat_01_fold_02.png
pc3,Random Forest,1,3,273,8,24,8,public_dataset_output/results/confusion_matrices/pc3/random_forest/repeat_01_fold_03.png
pc3,Random Forest,1,4,272,8,26,6,public_dataset_output/results/confusion_matrices/pc3/random_forest/repeat_01_fold_04.png
pc3,Random Forest,1,5,275,5,25,7,public_dataset_output/results/confusion_matrices/pc3/random_forest/repeat_01_fold_05.png
pc3,Random Forest,2,1,278,3,26,6,public_dataset_output/results/confusion_matrices/pc3/random_forest/repeat_02_fold_01.png
pc3,Random Forest,2,2,275,6,25,7,public_dataset_output/results/confusion_matrices/pc3/random_forest/repeat_02_fold_02.png
pc3,Random Forest,2,3,278,3,27,5,public_dataset_output/results/confusion_matrices/pc3/random_forest/repeat_02_fold_03.png
pc3,Random Forest,2,4,275,5,28,4,public_dataset_output/results/confusion_matrices/pc3/random_forest/repeat_02_fold_04.png
pc3,Random Forest,2,5,278,2,28,4,public_dataset_output/results/confusion_matrices/pc3/random_forest/repeat_02_fold_05.png
pc3,SVM,1,1,281,0,32,0,public_dataset_output/results/confusion_matrices/pc3/svm/repeat_01_fold_01.png
pc3,SVM,1,2,281,0,32,0,public_dataset_output/results/confusion_matrices/pc3/svm/repeat_01_fold_02.png
pc3,SVM,1,3,281,0,32,0,public_dataset_output/results/confusion_matrices/pc3/svm/repeat_01_fold_03.png
pc3,SVM,1,4,280,0,32,0,public_dataset_output/results/confusion_matrices/pc3/svm/repeat_01_fold_04.png
pc3,SVM,1,5,280,0,32,0,public_dataset_output/results/confusion_matrices/pc3/svm/repeat_01_fold_05.png
pc3,SVM,2,1,281,0,32,0,public_dataset_output/results/confusion_matrices/pc3/svm/repeat_02_fold_01.png
pc3,SVM,2,2,281,0,32,0,public_dataset_output/results/confusion_matrices/pc3/svm/repeat_02_fold_02.png
pc3,SVM,2,3,281,0,32,0,public_dataset_output/results/confusion_matrices/pc3/svm/repeat_02_fold_03.png
pc3,SVM,2,4,280,0,32,0,public_dataset_output/results/confusion_matrices/pc3/svm/repeat_02_fold_04.png
pc3,SVM,2,5,280,0,32,0,public_dataset_output/results/confusion_matrices/pc3/svm/repeat_02_fold_05.png
pc3,Logistic Regression,1,1,279,2,28,4,public_dataset_output/results/confusion_matrices/pc3/logistic_regression/repeat_01_fold_01.png
pc3,Logistic Regression,1,2,273,8,25,7,public_dataset_output/results/confusion_matrices/pc3/logistic_regression/repeat_01_fold_02.png
pc3,Logistic Regression,1,3,277,4,28,4,public_dataset_output/results/confusion_matrices/pc3/logistic_regression/repeat_01_fold_03.png
pc3,Logistic Regression,1,4,273,7,28,4,public_dataset_output/results/confusion_matrices/pc3/logistic_regression/repeat_01_fold_04.png
pc3,Logistic Regression,1,5,275,5,25,7,public_dataset_output/results/confusion_matrices/pc3/logistic_regression/repeat_01_fold_05.png
pc3,Logistic Regression,2,1,275,6,24,8,public_dataset_output/results/confusion_matrices/pc3/logistic_regression/repeat_02_fold_01.png
pc3,Logistic Regression,2,2,271,10,28,4,public_dataset_output/results/confusion_matrices/pc3/logistic_regression/repeat_02_fold_02.png
pc3,Logistic Regression,2,3,277,4,27,5,public_dataset_output/results/confusion_matrices/pc3/logistic_regression/repeat_02_fold_03.png
pc3,Logistic Regression,2,4,274,6,26,6,public_dataset_output/results/confusion_matrices/pc3/logistic_regression/repeat_02_fold_04.png
pc3,Logistic Regression,2,5,279,1,30,2,public_dataset_output/results/confusion_matrices/pc3/logistic_regression/repeat_02_fold_05.png
pc4,Random Forest,1,1,254,2,25,11,public_dataset_output/results/confusion_matrices/pc4/random_forest/repeat_01_fold_01.png
pc4,Random Forest,1,2,252,4,20,16,public_dataset_output/results/confusion_matrices/pc4/random_forest/repeat_01_fold_02.png
pc4,Random Forest,1,3,256,0,27,9,public_dataset_output/results/confusion_matrices/pc4/random_forest/repeat_01_fold_03.png
pc4,Random Forest,1,4,253,3,21,14,public_dataset_output/results/confusion_matrices/pc4/random_forest/repeat_01_fold_04.png
pc4,Random Forest,1,5,248,8,25,10,public_dataset_output/results/confusion_matrices/pc4/random_forest/repeat_01_fold_05.png
pc4,Random Forest,2,1,252,4,25,11,public_dataset_output/results/confusion_matrices/pc4/random_forest/repeat_02_fold_01.png
pc4,Random Forest,2,2,253,3,22,14,public_dataset_output/results/confusion_matrices/pc4/random_forest/repeat_02_fold_02.png
pc4,Random Forest,2,3,252,4,22,14,public_dataset_output/results/confusion_matrices/pc4/random_forest/repeat_02_fold_03.png
pc4,Random Forest,2,4,254,2,24,11,public_dataset_output/results/confusion_matrices/pc4/random_forest/repeat_02_fold_04.png
pc4,Random Forest,2,5,252,4,25,10,public_dataset_output/results/confusion_matrices/pc4/random_forest/repeat_02_fold_05.png
pc4,SVM,1,1,256,0,29,7,public_dataset_output/results/confusion_matrices/pc4/svm/repeat_01_fold_01.png
pc4,SVM,1,2,250,6,26,10,public_dataset_output/results/confusion_matrices/pc4/svm/repeat_01_fold_02.png
pc4,SVM,1,3,255,1,30,6,public_dataset_output/results/confusion_matrices/pc4/svm/repeat_01_fold_03.png
pc4,SVM,1,4,256,0,25,10,public_dataset_output/results/confusion_matrices/pc4/svm/repeat_01_fold_04.png
pc4,SVM,1,5,255,1,26,9,public_dataset_output/results/confusion_matrices/pc4/svm/repeat_01_fold_05.png
pc4,SVM,2,1,251,5,30,6,public_dataset_output/results/confusion_matrices/pc4/svm/repeat_02_fold_01.png
pc4,SVM,2,2,256,0,27,9,public_dataset_output/results/confusion_matrices/pc4/svm/repeat_02_fold_02.png
pc4,SVM,2,3,251,5,30,6,public_dataset_output/results/confusion_matrices/pc4/svm/repeat_02_fold_03.png
pc4,SVM,2,4,256,0,30,5,public_dataset_output/results/confusion_matrices/pc4/svm/repeat_02_fold_04.png
pc4,SVM,2,5,256,0,23,12,public_dataset_output/results/confusion_matrices/pc4/svm/repeat_02_fold_05.png
pc4,Logistic Regression,1,1,252,4,19,17,public_dataset_output/results/confusion_matrices/pc4/logistic_regression/repeat_01_fold_01.png
pc4,Logistic Regression,1,2,247,9,19,17,public_dataset_output/results/confusion_matrices/pc4/logistic_regression/repeat_01_fold_02.png
pc4,Logistic Regression,1,3,252,4,25,11,public_dataset_output/results/confusion_matrices/pc4/logistic_regression/repeat_01_fold_03.png
pc4,Logistic Regression,1,4,248,8,22,13,public_dataset_output/results/confusion_matrices/pc4/logistic_regression/repeat_01_fold_04.png
pc4,Logistic Regression,1,5,254,2,18,17,public_dataset_output/results/confusion_matrices/pc4/logistic_regression/repeat_01_fold_05.png
pc4,Logistic Regression,2,1,248,8,24,12,public_dataset_output/results/confusion_matrices/pc4/logistic_regression/repeat_02_fold_01.png
pc4,Logistic Regression,2,2,251,5,17,19,public_dataset_output/results/confusion_matrices/pc4/logistic_regression/repeat_02_fold_02.png
pc4,Logistic Regression,2,3,252,4,24,12,public_dataset_output/results/confusion_matrices/pc4/logistic_regression/repeat_02_fold_03.png
pc4,Logistic Regression,2,4,254,2,20,15,public_dataset_output/results/confusion_matrices/pc4/logistic_regression/repeat_02_fold_04.png
pc4,Logistic Regression,2,5,250,6,21,14,public_dataset_output/results/confusion_matrices/pc4/logistic_regression/repeat_02_fold_05.png
