feature,importance,std,source
LOC_COMMENTS,0.010421836228287785,0.002672538365823557,permutation
ESSENTIAL_COMPLEXITY,0.009925558312655047,0.0015693685658403663,permutation
LOC_BLANK,0.008436724565756792,0.0012156276639122587,permutation
MODIFIED_CONDITION_COUNT,0.008436724565756792,0.0016459676378935142,permutation
EDGE_COUNT,0.008188585607940413,0.0015888645750453867,permutation
NODE_COUNT,0.008188585607940413,0.0015888645750453867,permutation
NUMBER_OF_LINES,0.007692307692307654,0.0020611969883171594,permutation
CALL_PAIRS,0.006203473945409377,0.0020005602353098326,permutation
BRANCH_COUNT,0.006203473945409377,0.002287728153174435,permutation
CONDITION_COUNT,0.005955334987593009,0.0025305307759765656,permutation
LOC_EXECUTABLE,0.0059553349875929975,0.0016459676378935142,permutation
LOC_TOTAL,0.0059553349875929975,0.0016459676378935142,permutation
HALSTEAD_EFFORT,0.005707196029776618,0.001938027214865193,permutation
HALSTEAD_PROG_TIME,0.005707196029776618,0.001938027214865193,permutation
CYCLOMATIC_COMPLEXITY,0.00521091811414387,0.0023409382461678893,permutation
HALSTEAD_VOLUME,0.0047146401985111,0.0013362691829118002,permutation
NUM_OPERATORS,0.0047146401985111,0.0013362691829118002,permutation
HALSTEAD_ERROR_EST,0.0047146401985111,0.0013362691829118002,permutation
HALSTEAD_LENGTH,0.0047146401985111,0.0013362691829118002,permutation
NUM_OPERANDS,0.0047146401985111,0.0013362691829118002,permutation
DESIGN_COMPLEXITY,0.0044665012406947206,0.001488833746898277,permutation
MULTIPLE_CONDITION_COUNT,0.004218362282878352,0.0019380272148651688,permutation
DECISION_COUNT,0.004218362282878352,0.0015888645750453576,permutation
NUM_UNIQUE_OPERANDS,0.0037220843672455817,0.0012406947890818976,permutation
HALSTEAD_CONTENT,0.002481389578163684,0.0,permutation
NUM_UNIQUE_OPERATORS,0.0019851116625309584,0.0014888337468982327,permutation
HALSTEAD_DIFFICULTY,0.0019851116625309584,0.0014888337468982327,permutation
PERCENT_COMMENTS,0.001240694789081842,0.001240694789081842,permutation
DESIGN_DENSITY,0.001240694789081842,0.001240694789081842,permutation
NORMALIZED_CYLOMATIC_COMPLEXITY,0.0007444168734491053,0.0011371155570609624,permutation
HALSTEAD_LEVEL,0.0007444168734491053,0.0011371155570609624,permutation
MAINTENANCE_SEVERITY,0.0004962779156327368,0.0009925558312654736,permutation
DECISION_DENSITY,0.0004962779156327368,0.0009925558312654736,permutation
CYCLOMATIC_DENSITY,0.0002481389578163684,0.0007444168734491053,permutation
PARAMETER_COUNT,0.0,0.0,permutation
ESSENTIAL_DENSITY,0.0,0.0,permutation
LOC_CODE_AND_COMMENT,0.0,0.0,permutation
